Date,Song Title
12/9/2012,Angels We Have Heard on High
12/9/2012,"Go, Tell It on the Mountain"
12/9/2012,"O Come, All Ye Faithful"
12/9/2012,Who is He in Yonder Stall?
12/16/2012,"Good Christian Men, Rejoice"
12/16/2012,It Came Upon the Midnight Clear
12/16/2012,"O Come, O Come, Emmanuel"
12/16/2012,The Birthday of the King
12/16/2012,The First Noel
12/23/2012,Angels We Have Heard on High
12/23/2012,Joy to the World
12/23/2012,O Holy Night
12/23/2012,That Beautiful Name
12/23/2012,What Child is This?
12/30/2012,All Hail the Lamb
12/30/2012,Blessed be the Name
12/30/2012,God of the Ages
12/30/2012,Great is thy Faithfulness
12/30/2012,His Name is Wonderful
12/30/2012,"O God, Our Help in Ages Past"
12/30/2012,There's Just Something About That Name
12/30/2012,Whiter Than Snow
1/6/2013,All Hail the Lamb
1/6/2013,I Love to Tell the Story
1/6/2013,O How He Loves You and Me
1/6/2013,Only a Sinner
1/6/2013,Redeemed
1/13/2013,All Hail the Lamb
1/13/2013,He is Exalted
1/13/2013,It's Just Like His Great Love
1/13/2013,Let the Lower Lights be Burning
1/13/2013,My Hope is in the Lord
1/13/2013,"Soldiers of Christ, Arise"
1/20/2013,Amazing Grace
1/20/2013,He Hideth my Soul
1/20/2013,He's Everything to Me
1/20/2013,I Need Jesus
1/20/2013,It's Just Like His Great Love
1/20/2013,No One Ever Cared for Me Like Jesus
1/20/2013,Saved by Grace
1/20/2013,"Thank You, Jesus"
1/20/2013,The Wonder of It All
1/27/2013,All Hail the Lamb
1/27/2013,It's Just Like His Great Love
1/27/2013,My Tribute
1/27/2013,O Glorious Day
2/3/2013,As the Deer
2/3/2013,Be Thou My Vision
2/3/2013,Lamb of Glory
2/3/2013,Lamb of God
2/3/2013,Wonderful Words of Life
2/3/2013,Worthy is the Lamb
2/10/2013,Family of God
2/10/2013,He Lifted Me
2/10/2013,I Will Sing of the Mercies
2/10/2013,I'll Tell the World That I'm a Christian
2/10/2013,It Took a Miracle
2/10/2013,Our God Reigns
2/10/2013,Victory in Jesus
2/10/2013,Were You There?
2/17/2013,Bring Back the Springtime
2/17/2013,Jesus Bids Us Shine
2/17/2013,Make Me a Blessing
2/17/2013,Send the Light
2/24/2013,"Holy, Holy, Holy"
2/24/2013,How Great Thou Art
2/24/2013,How Majestic is Your Name
2/24/2013,My Anchor Holds
2/24/2013,Take Time to be Holy
2/24/2013,We Have an Anchor
3/3/2013,Face to Face
3/3/2013,In Times Like These
3/3/2013,It is Well With my Soul
3/3/2013,Revelation Song
3/3/2013,The Way of the Cross Leads Home
3/3/2013,What If It Were Today
3/3/2013,What a Friend We Have in Jesus
3/10/2013,A Child of the King
3/10/2013,Amazing Grace
3/10/2013,Jesus is Coming Again
3/10/2013,"Lead On, O King Eternal"
3/10/2013,My Hope is in the Lord
3/10/2013,Praise Him! Praise Him!
3/10/2013,"Praise, my Soul, the King of Heaven"
3/17/2013,"And, Can It Be?"
3/17/2013,Be Exalted
3/17/2013,God Leads Us Along
3/17/2013,I Will Call Upon the Lord
3/17/2013,The Comforter Has Come
3/17/2013,When We All Get to Heaven
3/24/2013,All Hail King Jesus
3/24/2013,All Hail the Lamb
3/24/2013,All Hail the Power of Jesus' Name
3/24/2013,Clap Your Hands
3/24/2013,Crown Him With Many Crowns
3/24/2013,Lamb of God
3/24/2013,Your Great Name
3/31/2013,Because He Lives
3/31/2013,How Deep the Father's Love for Us
3/31/2013,I Will Rise
3/31/2013,Man of Sorrows
3/31/2013,One Day
3/31/2013,"O Sacred Head, Now Wounded"
4/6/2013,All in All
4/6/2013,His Name is Wonderful
4/6/2013,If That Isn't Love
4/6/2013,O for a Thousand Tongues to Sing
4/6/2013,Step by Step
4/6/2013,Your Grace Still Amazes Me
4/13/2013,For Me to Live is Christ
4/13/2013,Heaven Came Down
4/13/2013,O to be Like Thee
4/13/2013,Take my Life and Let It be
4/13/2013,Turn Your Eyes Upon Jesus
4/21/2013,Great is thy Faithfulness
4/21/2013,He Giveth More Grace
4/21/2013,He Has Made Me Glad
4/21/2013,His Name Shall be Praised
4/21/2013,The Joy of the Lord
5/5/2013,At the Cross
5/5/2013,The Power of the Cross
5/5/2013,The Blood Will Never Lose Its Power
5/5/2013,The Old Rugged Cross
5/5/2013,There is a Fountain
5/5/2013,There is a Redeemer
5/5/2013,When I Survey the Wondrous Cross
5/12/2013,All Hail the Lamb
5/12/2013,"Change my Heart, O God"
5/12/2013,Glorify thy Name
5/12/2013,Great is the Lord
5/12/2013,He is Exalted
5/12/2013,How Majestic is Your Name
5/12/2013,"Joyful, Joyful We Adore Thee"
5/12/2013,"Spirit of God, Descend Upon my Heart"
5/19/2013,Amazing Grace
5/19/2013,Footsteps of Jesus
5/19/2013,How Firm a Foundation
5/19/2013,In Christ Alone
5/19/2013,Sweeter as the Years Go by
5/19/2013,To God be the Glory
5/19/2013,To be God's People
5/19/2013,"We Come, O Christ, to You"
5/26/2013,"Eternal Father, Strong to Save"
5/26/2013,I Will Sing of the Mercies
5/26/2013,Only a Sinner
5/26/2013,Sanctuary
5/26/2013,Since I Have Been Redeemed
5/26/2013,The Wonder of It All
6/1/2013,"Arise, My Soul, Arise"
6/1/2013,"May the Mind of Christ, my Savior"
6/1/2013,"O Church, Arise"
6/1/2013,Revive Us Again
6/1/2013,Trust and Obey
6/8/2013,Amazing Grace
6/8/2013,Blessed Assurance
6/8/2013,How Long Has It Been?
6/8/2013,I Know Whom I Have Believed
6/8/2013,"Lord, I Need You"
6/8/2013,"O Church, Arise"
6/8/2013,Turn Your Eyes Upon Jesus
6/15/2013,Faith of Our Fathers
6/15/2013,How Deep the Father's Love for Us
6/15/2013,Let the Lower Lights be Burning
6/15/2013,To be God's People
6/15/2013,We Are God's People
6/15/2013,We Will Glorify
6/23/2013,He's Everything to Me
6/23/2013,I Will Serve Thee
6/23/2013,Make Me a Blessing
6/23/2013,Only One Life
6/23/2013,"Open Our Eyes, Lord"
6/30/2013,"Jesus, Name Above All Names"
6/30/2013,"O Church, Arise"
6/30/2013,Praise the Savior
6/30/2013,"Rejoice, the Lord is King"
6/30/2013,Spirit of the Living God
7/7/2013,All Hail the Lamb
7/7/2013,I'll Fly Away by
7/7/2013,Lamb of Glory
7/7/2013,Lamb of God
7/7/2013,There is a Redeemer
7/14/2013,I Will Call Upon the Lord
7/14/2013,O Worship the King
7/14/2013,Thou Art Worthy
7/14/2013,Worthy is the Lamb
7/28/2013,"Holy, Holy, Holy"
7/28/2013,Jesus is Lord of Everything
7/28/2013,More About Jesus
7/28/2013,O How He Loves You and Me
7/28/2013,"Praise to the Lord, the Almighty"
8/4/2013,As the Deer
8/4/2013,Jesus Loves Even Me
8/4/2013,Lead Me to Calvary
8/4/2013,May Jesus Christ be Praised
8/4/2013,"O, How I Love Jesus"
8/4/2013,Take my Life and Let It be
8/11/2013,A Child of the King
8/11/2013,Amazing Grace
8/11/2013,Be Exalted
8/11/2013,For Me to Live is Christ
8/11/2013,It Took a Miracle
8/11/2013,It is Well With my Soul
8/11/2013,Jesus Bids Us Shine
8/11/2013,Turn Your Eyes Upon Jesus
8/18/2013,Blessed be the Tie That Binds
8/18/2013,"Love Divine, All Loves Excelling"
8/18/2013,Make Us One
8/18/2013,The Love of God
8/18/2013,The Solid Rock
8/25/2013,I Need Jesus
8/25/2013,I Need Thee Every Hour
8/25/2013,In Christ Alone
8/25/2013,It is Well With my Soul
8/25/2013,The Wonderful Cross
9/1/2013,All Hail the Lamb
9/1/2013,All Hail the Power of Jesus' Name
9/1/2013,How Deep the Father's Love for Us
9/1/2013,I Know Whom I Have Believed
9/1/2013,When We See Christ
9/8/2013,"Father, I Adore You"
9/8/2013,For God so Loved the World
9/8/2013,"I Love You, Lord"
9/8/2013,Seek Ye First
9/8/2013,Set my Soul Afire
9/8/2013,"Yesterday, Today and Tomorrow"
9/15/2013,"Arise, My Soul, Arise"
9/15/2013,He is Exalted
9/15/2013,Make Us One
9/15/2013,"Onward, Christian Soldiers"
9/22/2013,Higher Ground
9/22/2013,I Am Resolved
9/22/2013,Make Us One
9/22/2013,Shout to the Lord
9/22/2013,The Battle Belongs to the Lord
9/29/2013,Glorify thy Name
9/29/2013,"I Love You, Lord"
9/29/2013,Oh How He Loves You and Me
9/29/2013,The Love of God
9/29/2013,The Wonder of It All
10/6/2013,All Creatures of Our God and King
10/6/2013,"Come, People of the Risen King"
10/6/2013,Does Jesus Care?
10/6/2013,"Hallelujah, What a Savior!"
10/6/2013,My Faith Looks up to Thee
10/6/2013,There is a Redeemer
10/13/2013,"Lead On, O King Eternal"
10/13/2013,"O Church, Arise"
10/13/2013,"Stand Up, Stand up for Jesus"
10/13/2013,You Are my Fortress
10/20/2013,All Hail the Lamb
10/20/2013,He is Lord
10/20/2013,"Holy, Holy, Holy"
10/20/2013,Jesus Messiah
10/20/2013,We Will Glorify
10/27/2013,Amazing Grace
10/27/2013,As the Deer
10/27/2013,My Anchor Holds
10/27/2013,Sanctuary
10/27/2013,Under His Wings
11/3/2013,All That Thrills my Soul
11/3/2013,Be Thou My Vision
11/3/2013,"Change my Heart, O God"
11/3/2013,I Will Sing of the Mercies
11/3/2013,"O, Love That Will Not Let Me Go"
11/3/2013,"Open Our Eyes, Lord"
11/10/2013,Cleanse Me
11/10/2013,"Come, People of the Risen King"
11/10/2013,I Would be Like Jesus
11/10/2013,In Christ Alone
11/10/2013,O Jesus I Have Promised
11/10/2013,Overcome
11/17/2013,Blessed Assurance
11/17/2013,How Deep the Father's Love for Us
11/17/2013,"Jesus, Name Above All Names"
11/17/2013,Near the Cross
11/17/2013,Only a Sinner
11/24/2013,"Come, Christians, Join to Sing"
11/24/2013,"Come, Ye Thankful People, Come"
11/24/2013,Glorify Your Name
11/24/2013,"Lord, I Need You"
11/24/2013,My Faith Has Found a Resting Place
11/24/2013,"Thank You, Lord"
12/1/2013,"And, Can It Be?"
12/1/2013,"Angels, From the Realms of Glory"
12/1/2013,Emmanuel
12/1/2013,"O, Come, Let Us Adore Him"
12/1/2013,Who is He in Yonder Stall?
12/8/2013,A Child of the King
12/8/2013,All Hail the Power of Jesus' Name
12/8/2013,Great is thy Faithfulness
12/8/2013,He is Lord
12/8/2013,"O Come, All Ye Faithful"
12/15/2013,Hark! the Herald Angels Sing!
12/15/2013,The Birthday of the King
12/15/2013,Thou Didst Leave thy Throne
12/15/2013,You're Here
12/22/2013,Angels We Have Heard on High
12/22/2013,"Go, Tell It on the Mountain"
12/22/2013,"Good Christian Men, Rejoice"
12/22/2013,Joy to the World
12/22/2013,"O Come, O Come, Emmanuel"
12/22/2013,O Holy Night
12/22/2013,O Little Town of Bethlehem
12/22/2013,The First Noel
12/29/2013,All Hail the Lamb
12/29/2013,"Jesus, Name Above All Names"
12/29/2013,One Day
12/29/2013,Redeemed
12/29/2013,Shepherd of Love
1/5/2014,"Brethren, We Have Met to Worship"
1/5/2014,"In my Life Lord, be Glorified"
1/5/2014,Let Your Heart be Broken
1/5/2014,Shout to the Lord
1/5/2014,To God be the Glory
1/12/2014,Glorify Your Name
1/12/2014,It is Well With my Soul
1/12/2014,Jesus Bids Us Shine
1/12/2014,The Power of the Cross
1/12/2014,Spirit of the Living God
1/19/2014,Fearfully and Wonderfully Made
1/19/2014,I Will Sing of the Mercies
1/19/2014,O How He Loves You and Me
1/19/2014,The Love of God
1/19/2014,The Wonder of It All
1/26/2014,Crown Him With Many Crowns
1/26/2014,"Father, I Adore You"
1/26/2014,His Name is Wonderful
1/26/2014,"Holy, Holy, Holy"
1/26/2014,There is a Redeemer
2/2/2014,"Change my Heart, O God"
2/2/2014,"Come, People of the Risen King"
2/2/2014,How Deep the Father's Love for Us
2/2/2014,"I Love You, Lord"
2/2/2014,My Savior's Love
2/2/2014,"O, How I Love Jesus"
2/16/2014,Amazing Grace
2/16/2014,As the Deer
2/16/2014,Grace Greater Than Our Sin
2/16/2014,Wonderful Grace of Jesus
2/16/2014,Wonderful Jesus
2/23/2014,Give Me Jesus
2/23/2014,It's Just Like His Great Love
2/23/2014,O How He Loves You and Me
2/23/2014,The Blood Will Never Lose Its Power
2/23/2014,The Mercies of God
2/23/2014,There is Power in the Blood
3/2/2014,By Our Love
3/2/2014,Great is thy Faithfulness
3/2/2014,In Christ Alone
3/2/2014,Jesus Loves Me
3/2/2014,What a Friend We Have in Jesus
3/2/2014,The Wonderful Cross
3/2/2014,There is a Fountain
3/2/2014,Thou Art Worthy
3/9/2014,"And, Can It Be?"
3/9/2014,He Hideth my Soul
3/9/2014,My Tribute
3/9/2014,Shout to the Lord
3/9/2014,The Love of God
3/9/2014,You Grace Still Amazes Me
3/16/2014,How Great Thou Art
3/16/2014,How Deep the Father's Love for Us
3/16/2014,"Lord, I Need You"
3/16/2014,Under His Wings
3/23/2014,All Hail the Lamb
3/23/2014,All That Thrills my Soul
3/23/2014,I Surrender
3/23/2014,Jesus is All the World to Me
3/23/2014,"Jesus, Name Above All Names"
3/23/2014,O Glorious Day
3/23/2014,Saved by the Blood
3/23/2014,"Saved, Saved"
3/23/2014,You Are my All in All
3/30/2014,Be Thou My Vision
3/30/2014,By Our Love
3/30/2014,How Long Has It Been?
3/30/2014,Make Us One
3/30/2014,"O Church, Arise"
3/30/2014,The Love of God
4/6/2014,"O, How I Love Jesus"
4/6/2014,"In my Life Lord, be Glorified"
4/6/2014,Lamb of Glory
4/6/2014,"O, Love That Will Not Let Me Go"
4/6/2014,O Worship the King
4/6/2014,"Oh the Deep, Deep Love"
4/6/2014,Pass It on
4/13/2014,All Hail King Jesus
4/13/2014,A Child of the King
4/13/2014,Crown Him With Many Crowns
4/13/2014,"Rejoice, the Lord is King"
4/27/2014,Great is the Lord
4/27/2014,It is Well With my Soul
4/27/2014,"Praise the Lord! Ye Heavens, Adore Him"
4/27/2014,Revelation Song
4/27/2014,We Will Glorify
5/4/2014,All Hail the Lamb
5/4/2014,"Hallelujah, What a Savior!"
5/4/2014,"O, Come, Let Us Adore Him"
5/4/2014,"Oh the Deep, Deep Love"
5/4/2014,There is a Redeemer
5/4/2014,Turn Your Eyes Upon Jesus
5/4/2014,Worship Christ the Risen King
5/11/2014,Face to Face
5/11/2014,Glorify thy Name
5/11/2014,I Will Rise
5/11/2014,My Savior's Love
5/11/2014,"Praise to the Lord, the Almighty"
5/18/2014,Higher Ground
5/18/2014,Whiter Than Snow
5/18/2014,It is Well With my Soul
5/18/2014,"If You're 27 Like Me: 2, Weeks"
5/18/2014,In Christ Alone
5/18/2014,Worthy is the Lamb
5/25/2014,Give Me Jesus
5/25/2014,I Am Resolved
5/25/2014,"May the Mind of Christ, my Savior"
5/25/2014,Near to the Heart of God
6/1/2014,"""Are Ye Able,"" Said the Master"
6/1/2014,Am I a Soldier of the Cross?
6/1/2014,"My Jesus, I Love Thee"
6/1/2014,The Wonder of It All
6/1/2014,Your Grace Still Amazes Me
6/8/2014,Blessed be the Name
6/8/2014,"Here Am I, Lord"
6/8/2014,"O Church, Arise"
6/8/2014,"Onward, Christian Soldiers"
6/8/2014,Revive Us Again
6/8/2014,Spirit of the Living God
6/15/2014,"Come, People of the Risen King"
6/15/2014,He is Exalted
6/15/2014,Jesus is Lord of Everything
6/15/2014,Seek Ye First
6/15/2014,This is my Father's World
6/15/2014,When We See Christ
6/22/2014,God is so Wonderful
6/22/2014,He Giveth More Grace
6/22/2014,Listen to His Voice
6/22/2014,The Wonderful Cross
6/22/2014,Wonderful Jesus
6/22/2014,You Are my Fortress
6/29/2014,Heaven Came Down
6/29/2014,Just a Closer Walk With Thee
6/29/2014,O Glorious Day
6/29/2014,Take Time to be Holy
6/29/2014,To be God's People
7/6/2014,"My Country, Tis of Thee"
7/6/2014,"Arise, My Soul, Arise"
7/6/2014,Battle Hymn of the Republic
7/6/2014,If my People's Hearts Are Humbled
7/6/2014,Lead Me to Calvary
7/6/2014,"Rise Up, o Church of God"
7/13/2014,At the Cross
7/13/2014,In Christ Alone
7/13/2014,Only a Sinner
7/13/2014,The Blood Will Never Lose Its Power
7/13/2014,The Family of God
7/13/2014,We Will Glorify
7/20/2014,All Hail the Lamb
7/20/2014,God Leads Us Along
7/20/2014,Lamb of God
7/20/2014,"Savior, Like a Shepherd Lead Us"
7/20/2014,Shepherd of Love
7/27/2014,My Anchor Holds
7/27/2014,Sanctuary
7/27/2014,Standing on the Promises
7/27/2014,The Church's One Foundation
7/27/2014,The Solid Rock
7/27/2014,Thy Word
7/27/2014,We Have an Anchor
7/27/2014,He Has Made Me Glad
7/27/2014,This is the Day
7/27/2014,As the Deer
7/27/2014,Be Thou My Vision
8/3/2014,Glory to His Name
8/3/2014,He is Able to Deliver Thee
8/3/2014,His Name is Wonderful
8/3/2014,"I Am Thine, o Lord"
8/3/2014,Judge of the Secrets
8/3/2014,"Open Our Eyes, Lord"
8/3/2014,The Gospel Song
8/3/2014,The Look
8/10/2014,Be Thou My Vision
8/10/2014,How Great Thou Art
8/10/2014,The Gospel Song
8/10/2014,O Worship the King
8/10/2014,There is a Redeemer
8/17/2014,Wonderful Grace of Jesus
8/24/2014,"Come, People of the Risen King"
8/24/2014,He is King
8/24/2014,"Holy, Holy, Holy"
8/24/2014,There's Just Something About That Name
8/24/2014,Thou Art Worthy
8/31/2014,All Hail the Lamb
8/31/2014,"Father, I Adore You"
8/31/2014,I Will Sing the Wondrous Story
8/31/2014,Jesus Paid It All
8/31/2014,Jesus is the Sweetest Name I Know
8/31/2014,Victory in Jesus
9/7/2014,Alleluia! Sing to Jesus
9/7/2014,Before the Throne of God Above
9/7/2014,"Come, Thou Almighty King"
9/7/2014,Jesus is Lord of All
9/7/2014,Judge of the Secrets
9/7/2014,We Will Glorify
9/14/2014,As the Deer
9/14/2014,Heaven Came Down
9/14/2014,"Rejoice, the Lord is King"
9/14/2014,The Gospel Song
9/14/2014,The Love of God
9/14/2014,The Wonder of It All
9/21/2014,'Tis so Sweet to Trust in Jesus
9/21/2014,Before the Throne of God Above
9/21/2014,I Will Sing of the Mercies
9/21/2014,Just Over in the Glory Land
9/21/2014,O Worship the King
9/21/2014,Saved by Grace
9/21/2014,Worthy is the Lamb
9/28/2014,All Hail the Lamb
9/28/2014,All Hail the Power of Jesus' Name
9/28/2014,Behold Our God
9/28/2014,"Change my Heart, O God"
9/28/2014,How Deep the Father's Love for Us
9/28/2014,"Immortal, Invisible"
9/28/2014,Lamb of Glory
9/28/2014,Open the Eyes of my Heart
10/5/2014,All Hail King Jesus
10/5/2014,Blessed Assurance
10/5/2014,Great is the Lord
10/5/2014,"O, Come, Let Us Adore Him"
10/5/2014,Praise Him! Praise Him!
10/5/2014,Redeemed
10/12/2014,All That Thrills my Soul
10/12/2014,Behold Our God
10/12/2014,He is Exalted
10/12/2014,"Oh the Deep, Deep Love"
10/12/2014,Turn Your Eyes Upon Jesus
10/12/2014,What Are the Decrees of God?
10/19/2014,In Christ Alone
10/19/2014,Let the Lower Lights be Burning
10/19/2014,Man of Sorrows
10/19/2014,Satisfied
10/19/2014,Send the Light
10/19/2014,To be God's People
10/26/2014,Amazing Grace
10/26/2014,I Surrender
10/26/2014,Victory in Jesus
10/26/2014,What a Friend We Have in Jesus
11/2/2014,A Mighty Fortress is Our God
11/2/2014,God of the Ages
11/2/2014,None but Jesus
11/2/2014,"O Church, Arise"
11/2/2014,The Battle Belongs to the Lord
11/9/2014,Am I a Soldier of the Cross?
11/9/2014,God Leads Us Along
11/9/2014,How Firm a Foundation
11/9/2014,It is Well With my Soul
11/16/2014,All the Way my Savior Leads Me
11/16/2014,Behold Our God
11/16/2014,He is Lord
11/16/2014,I Am Resolved
11/16/2014,Near to the Heart of God
11/16/2014,Overcome
11/16/2014,You Are my All in All
11/23/2014,Give Thanks
11/23/2014,Grace Greater Than Our Sin
11/23/2014,My Heart is Filled With Thankfulness
11/23/2014,Thou Art Worthy
11/23/2014,"We Praise Thee, o God, Our Redeemer"
11/30/2014,"Be Still, My Soul"
11/30/2014,Jesus Bids Us Shine
11/30/2014,My Faith Has Found a Resting Place
11/30/2014,"O, Love That Will Not Let Me Go"
11/30/2014,Trusting Jesus
11/30/2014,Your Grace Still Amazes Me
12/7/2014,"Change my Heart, O God"
12/7/2014,The Joy of the Lord
12/7/2014,Judge of the Secrets
12/7/2014,"O Come, All Ye Faithful"
12/7/2014,The Way of the Cross Leads Home
12/7/2014,The Wonderful Cross
12/14/2014,"Come, Thou Almighty King"
12/14/2014,"Come, Christians, Join to Sing"
12/14/2014,Hark! the Herald Angels Sing!
12/14/2014,"Immortal, Invisible"
12/14/2014,Thou Didst Leave thy Throne
12/14/2014,Who is He in Yonder Stall?
12/21/2014,Away in a Manger
12/21/2014,Emmanuel
12/21/2014,"Mary, Did You Know?"
12/21/2014,"O Come, All Ye Faithful"
12/21/2014,"O Come, O Come, Emmanuel"
12/21/2014,O Holy Night
12/21/2014,The Birthday of the King
12/21/2014,What Child is This?
12/21/2014,You're Here
12/28/2014,All Hail King Jesus
12/28/2014,A Child of the King
12/28/2014,Glorify Your Name
12/28/2014,How Great Thou Art
1/11/2015,Because He Lives
1/11/2015,Before the Throne of God Above
1/11/2015,Jesus Loves Me
1/11/2015,My Faith Looks up to Thee
1/11/2015,Only Trust Him
1/18/2015,He is Exalted
1/18/2015,He is King
1/18/2015,"Holy, Holy, Holy"
1/18/2015,I Sing the Mighty Power of God
1/18/2015,Thy Word
1/18/2015,Until Then
1/25/2015,All Hail the Lamb
1/25/2015,Always the Same
1/25/2015,"Hallelujah, What a Savior!"
1/25/2015,In Times Like These
1/25/2015,Standing on the Promises
1/25/2015,Surely Goodness and Mercy
2/1/2015,He's Everything to Me
2/1/2015,I Know Whom I Have Believed
2/1/2015,"Lord, I Need You"
2/1/2015,"Open Our Eyes, Lord"
2/1/2015,Shout to the Lord
2/1/2015,The Gospel Song
2/8/2015,Be Thou My Vision
2/8/2015,I Love to Tell the Story
2/8/2015,I Will Sing the Wondrous Story
2/8/2015,In Christ Alone
2/8/2015,Lamb of Glory
2/8/2015,One Day
2/15/2015,All Hail King Jesus
2/15/2015,"And, Can It Be?"
2/15/2015,"Praise to the Lord, the Almighty"
2/15/2015,The King is Coming
2/15/2015,What a Mighty God We Serve
2/22/2015,Make Us One
2/22/2015,My Hope is in the Lord
2/22/2015,"O Church, Arise"
2/22/2015,The Battle Belongs to the Lord
2/22/2015,There is a Redeemer
2/22/2015,Who is on the Lord's Side?
3/1/2015,As the Deer
3/1/2015,Behold Our God
3/1/2015,Blessed be the Name
3/1/2015,His Name is Wonderful
3/15/2015,Amazing Grace
3/15/2015,Heaven Came Down
3/15/2015,His Way With Thee
3/15/2015,Let Your Heart be Broken
3/15/2015,"O, Love That Will Not Let Me Go"
3/22/2015,"Arise, My Soul, Arise"
3/22/2015,I Will Call Upon the Lord
3/22/2015,"Onward, Christian Soldiers"
3/22/2015,Saved by the Blood
3/22/2015,"Stand Up, Stand up for Jesus"
3/22/2015,You Are my Fortress
3/29/2015,How Deep the Father's Love for Us
3/29/2015,"O Church, Arise"
3/29/2015,The Power of the Cross
3/29/2015,The Wonderful Cross
4/5/2015,Because He Lives
4/5/2015,Christ Arose
4/5/2015,O Glorious Day
4/5/2015,He Lives
4/5/2015,Man of Sorrows
4/5/2015,Worship Christ the Risen King
4/12/2015,Cleanse Me
4/12/2015,Overcome
4/12/2015,Redeemed
4/12/2015,Take my Life and Let It be
4/12/2015,Trust and Obey
4/19/2015,"Be Still, My Soul"
4/19/2015,May Jesus Christ be Praised
5/3/2015,"""Are Ye Able,"" Said the Master"
5/3/2015,Am I a Soldier of the Cross?
5/3/2015,Beneath the Cross of Jesus
5/3/2015,Living for Jesus
5/3/2015,The Gospel Song
5/3/2015,The Power of the Cross
5/3/2015,This is my Father's World
5/10/2015,Christ Receiveth Sinful Men
5/10/2015,He is Lord
5/10/2015,I Know Whom I Have Believed
5/10/2015,In His Time
5/10/2015,Lamb of Glory
5/10/2015,Satisfied
5/17/2015,All the Way my Savior Leads Me
5/17/2015,Great is the Lord
5/17/2015,Higher Ground
5/17/2015,Jesus Loves Even Me
5/17/2015,Jesus is Lord of Everything
5/17/2015,O Worship the King
5/24/2015,"Breathe on Me, Breath of God"
5/24/2015,"Holy, Holy, Holy"
5/24/2015,Spirit of the Living God
5/24/2015,There is a Redeemer
5/24/2015,To be God's People
5/31/2015,All Hail the Lamb
5/31/2015,Be Thou My Vision
5/31/2015,Footsteps of Jesus
5/31/2015,He is Able
5/31/2015,I Am Resolved
5/31/2015,"Lord, I Need You"
6/7/2015,All Hail the Power of Jesus' Name
6/7/2015,His Name is Wonderful
6/7/2015,How Can It Be?
6/7/2015,I Sing the Mighty Power of God
6/7/2015,Jesus Paid It All
6/14/2015,Before the Throne of God Above
6/14/2015,Behold Our God
6/14/2015,"Father, I Adore You"
6/14/2015,How Firm a Foundation
6/14/2015,Now I Belong to Jesus
6/21/2015,For Me to Live is Christ
6/21/2015,God is so Good
6/21/2015,It is Well With my Soul
6/21/2015,My Father Planned It All
6/21/2015,Sanctuary
6/21/2015,Some Golden Daybreak
6/21/2015,Until Then
6/21/2015,When We See Christ
6/28/2015,God Leads Us Along
6/28/2015,He is King
6/28/2015,He is Lord
6/28/2015,Jesus is Coming Soon
6/28/2015,"Still, my Soul, be Still"
6/28/2015,Who is He in Yonder Stall?
7/5/2015,"Come, We That Love the Lord"
7/5/2015,God of Our Fathers
7/5/2015,Great is the Lord
7/5/2015,How Deep the Father's Love for Us
7/5/2015,Lamb of God
7/5/2015,My Country 'Tis of Thee
7/12/2015,"Arise, My Soul, Arise"
7/12/2015,Beneath the Cross of Jesus
7/12/2015,Love Theme
7/12/2015,Shout to the Lord
7/12/2015,The Blood Will Never Lose Its Power
7/12/2015,The Wonderful Cross
7/12/2015,Worthy is the Lamb
7/26/2015,All That Thrills my Soul
7/26/2015,"Come, Thou Almighty King"
7/26/2015,I Shall Know Him
7/26/2015,Make Me a Blessing
7/26/2015,My Faith Looks up to Thee
7/26/2015,The Wonder of It All
8/2/2015,A Mighty Fortress is Our God
8/2/2015,Great is thy Faithfulness
8/2/2015,How Great Thou Art
8/2/2015,How Majestic is Your Name
8/2/2015,It's Just Like His Great Love
8/9/2015,"Come, Bless the Lord"
8/9/2015,Face to Face
8/9/2015,Glorify Your Name
8/9/2015,I Will Sing the Wondrous Story
8/9/2015,Praise Him! Praise Him!
8/16/2015,All Hail the Lamb
8/16/2015,Behold Our God
8/16/2015,In Christ Alone
8/16/2015,Thy Loving Kindness
8/16/2015,You Are my Fortress
8/23/2015,A Child of the King
8/23/2015,All Hail King Jesus
8/23/2015,I Will Sing of My Redeemer
8/23/2015,Only a Sinner
8/23/2015,You Are my All in All
8/30/2015,As the Deer
8/30/2015,Be Thou My Vision
8/30/2015,"Fill my Cup, Lord"
8/30/2015,Nothing Between
8/30/2015,Take my Life and Let It be
9/6/2015,"Come, People of the Risen King"
9/6/2015,Turn Your Eyes Upon Jesus
9/6/2015,We Will Glorify
9/6/2015,Worthy is the Lamb
9/13/2015,"Change my Heart, O God"
9/13/2015,Give Me Jesus
9/13/2015,Sanctuary
9/13/2015,The Gospel Song
9/13/2015,The Power of the Cross
9/20/2015,"And, Can It Be?"
9/20/2015,Jesus is Coming Soon
9/20/2015,"Oh the Deep, Deep Love"
9/20/2015,The Church's One Foundation
9/20/2015,The Wonderful Cross
9/20/2015,When the Roll is Called up Yonder
9/27/2015,At the Cross
9/27/2015,For Me to Live is Christ
9/27/2015,"In my Life Lord, be Glorified"
9/27/2015,Near to the Heart of God
10/4/2015,Always the Same
10/4/2015,At Calvary
10/4/2015,He Hideth my Soul
10/4/2015,He the Pearly Gates Will Open
10/4/2015,Judge of the Secrets
10/4/2015,Thou Wilt Keep Him in Perfect Peace
10/11/2015,"Be Still, My Soul"
10/11/2015,Faith is the Victory
10/11/2015,It is Well With my Soul
10/11/2015,The Solid Rock
10/11/2015,The Way of the Cross Leads Home
10/18/2015,All Hail the Lamb
10/18/2015,In Times Like These
10/18/2015,Joy to the World
10/18/2015,Shout to the Lord
10/18/2015,The Trees of the Field
10/18/2015,When We See Christ
10/25/2015,Like a River Glorious
10/25/2015,O Worship the King
10/25/2015,Victory in Jesus
10/25/2015,When I Survey the Wondrous Cross
11/1/2015,A Mighty Fortress is Our God
11/1/2015,B-I-B-L-E
11/1/2015,How Firm a Foundation
11/1/2015,The Church's One Foundation
11/8/2015,Behold Our God
11/8/2015,"I Love thy Kingdom, Lord"
11/8/2015,Make Us One
11/8/2015,"Open Our Eyes, Lord"
11/8/2015,Trust in You
11/15/2015,"Come, Thou Long-Expected Jesus"
11/15/2015,"Holy, Holy, Holy"
11/15/2015,In Christ Alone
11/15/2015,Seek Ye First
11/15/2015,"We Come, O Christ, to You"
11/22/2015,Abide With Me
11/22/2015,Amazing Grace
11/22/2015,"Come, Ye Thankful People, Come"
11/22/2015,"Thank You, Jesus"
11/22/2015,"We Praise Thee, o God, Our Redeemer"
11/29/2015,He is King
11/29/2015,In His Time
11/29/2015,"Jesus, Name Above All Names"
11/29/2015,"Lead On, O King Eternal"
11/29/2015,Thou Didst Leave thy Throne
11/29/2015,You Are my All in All
12/6/2015,Before the Skies
12/6/2015,He is Lord
12/6/2015,"O Come, All Ye Faithful"
12/6/2015,One Day
12/6/2015,Who is He in Yonder Stall?
12/6/2015,Wonderful Grace of Jesus
12/13/2015,Emmanuel
12/13/2015,"Good Christian Men, Rejoice"
12/13/2015,Hark! the Herald Angels Sing!
12/13/2015,He Who is Mighty
12/13/2015,It Came Upon the Midnight Clear
12/13/2015,O Little Town of Bethlehem
12/13/2015,The First Noel
12/20/2015,"O Come, O Come, Emmanuel"
12/20/2015,O Holy Night
12/20/2015,"Silent Night, Holy Night"
12/20/2015,The Birthday of the King
12/20/2015,The Unbelievable
12/20/2015,What Child is This?
12/20/2015,Who Would Have Dreamed
12/27/2015,All Hail the Lamb
12/27/2015,Always the Same
12/27/2015,Before the Throne of God Above
12/27/2015,Great is the Lord
12/27/2015,I Am Resolved
12/27/2015,The Gospel Song
12/27/2015,The King is Coming
1/3/2016,All Hail King Jesus
1/3/2016,He Keeps Me Singing
1/3/2016,How Great Thou Art
1/3/2016,I Am With You
1/3/2016,O That Will be Glory
1/3/2016,The Power of the Cross
1/10/2016,As the Deer
1/10/2016,"Be Still, My Soul"
1/10/2016,Faith is the Victory
1/10/2016,"O, Love That Will Not Let Me Go"
1/10/2016,Seek Ye First
1/10/2016,The Unclouded Day
1/17/2016,"Brethren, We Have Met to Worship"
1/17/2016,"Immortal, Invisible"
1/17/2016,Jesus is Coming Soon
1/17/2016,My Faith Looks up to Thee
1/17/2016,Rock of Ages
1/24/2016,Behold Our God
1/24/2016,God Supreme
1/24/2016,I Am With You
1/24/2016,Joy to the World
1/24/2016,We Will Glorify
1/31/2016,Blessed Assurance
1/31/2016,Jesus is Coming Again
1/31/2016,"Love Divine, All Loves Excelling"
2/7/2016,Every Knee Shall Bow to Thee
2/7/2016,I'd Rather Have Jesus
2/7/2016,In Times Like These
2/7/2016,Joy in Serving Jesus
2/7/2016,Living for Jesus
2/7/2016,Obedience
2/7/2016,One Step at a Time
2/14/2016,"Fill my Cup, Lord"
2/14/2016,Glorify Your Name
2/14/2016,How Deep the Father's Love for Us
2/14/2016,In Christ Alone
2/14/2016,Lamb of Glory
2/14/2016,Only a Sinner
2/14/2016,Satisfied
2/14/2016,There is a Redeemer
2/21/2016,Are You Washed in the Blood of the Lamb?
2/21/2016,"Breathe on Me, Breath of God"
2/21/2016,"Change my Heart, O God"
2/21/2016,Lamb of God
2/21/2016,Saved by the Blood
2/21/2016,There is a Fountain
2/21/2016,This is Our God
2/28/2016,All Hail King Jesus
2/28/2016,"And, Can It Be?"
2/28/2016,"Come, Thou Almighty King"
2/28/2016,"Spirit of God, Descend Upon my Heart"
2/28/2016,Standing on the Promises
2/28/2016,Thy Word
3/6/2016,One Step at a Time
3/6/2016,The Church's One Foundation
3/6/2016,The Solid Rock
3/6/2016,This is the Day
3/13/2016,How Firm a Foundation
3/13/2016,Sanctuary
3/13/2016,The Power of the Cross
3/13/2016,The Wonderful Cross
3/13/2016,You Are my Fortress
3/20/2016,"Come, People of the Risen King"
3/20/2016,Crown Him With Many Crowns
3/20/2016,How Deep the Father's Love for Us
3/20/2016,Lamb of Glory
3/20/2016,Worthy is the Lamb
3/27/2016,Because He Lives
3/27/2016,Christ Arose
3/27/2016,He Lives
3/27/2016,He is Lord
3/27/2016,Worship Christ the Risen King
4/3/2016,Am I a Soldier of the Cross?
4/3/2016,"Be Still, My Soul"
4/3/2016,He Lifted Me
4/3/2016,This is Our God
4/3/2016,Victory in Jesus
4/10/2016,At the Cross
4/10/2016,Draw Near Through Christ
4/10/2016,I Know Whom I Have Believed
4/10/2016,It Took a Miracle
4/10/2016,Only a Sinner
4/17/2016,Christ Receiveth Sinful Men
4/17/2016,Glorify thy Name
4/17/2016,Jesus Saves
4/17/2016,"Thank You, Lord"
4/17/2016,There is a Redeemer
4/17/2016,"We Praise Thee, o God, Our Redeemer"
4/24/2016,A New Name in Glory
4/24/2016,Draw Near Through Christ
4/24/2016,Heaven Came Down
4/24/2016,My Hope is in the Lord
4/24/2016,"Saved, Saved"
5/1/2016,"Behold, What Manner of Love"
5/1/2016,For God so Loved the World
5/1/2016,My Savior's Love
5/1/2016,O How He Loves You and Me
5/1/2016,Thy Word
5/1/2016,To God be the Glory
5/1/2016,Turn Your Eyes Upon Jesus
5/15/2016,A Mighty Fortress is Our God
5/15/2016,I Am With You
5/15/2016,In Christ Alone
5/15/2016,"O Church, Arise"
5/15/2016,"O God, Our Help in Ages Past"
5/15/2016,Your Name is Matchless
5/22/2016,Am I a Soldier of the Cross?
5/22/2016,As the Deer
5/22/2016,"Change my Heart, O God"
5/22/2016,Jesus Loves Even Me
5/22/2016,Praise Him! Praise Him!
5/22/2016,Trust in You
5/29/2016,"Arise, My Soul, Arise"
5/29/2016,Behold Our God
5/29/2016,Give Me Jesus
5/29/2016,"Holy, Holy, Holy"
5/29/2016,It's Your Grace
5/29/2016,Jesus Paid It All
6/5/2016,I Will Praise Him
6/5/2016,The Blood Will Never Lose Its Power
6/5/2016,The Look
6/5/2016,There is a Fountain
6/5/2016,What a Wonderful Savior
6/12/2016,God is so Good
6/12/2016,I Am With You
6/12/2016,Moment by Moment
6/12/2016,My Hope is in the Lord
6/12/2016,"Open Our Eyes, Lord"
6/19/2016,Every Day With Jesus
6/19/2016,Higher Ground
6/19/2016,In the Sweet by and by
6/19/2016,Rejoice in the Lord Always
6/19/2016,"Rejoice, the Lord is King"
6/19/2016,This is the Day
6/26/2016,"And, Can It Be?"
6/26/2016,Draw Near Through Christ
6/26/2016,He is King
6/26/2016,How Great Thou Art
6/26/2016,The Wonder of It All
7/10/2016,Behold Our God
7/10/2016,Glorify Your Name
7/10/2016,"Holy, Mighty, Worthy"
7/10/2016,It Took a Miracle
7/10/2016,Judge of the Secrets
7/10/2016,Sanctuary
7/10/2016,Take Time to be Holy
7/17/2016,O Great God
7/17/2016,Redeemed
7/17/2016,The Gospel Song
7/17/2016,There is a Redeemer
7/17/2016,What a Wonderful Savior
7/17/2016,You Are my All in All
7/24/2016,Amazing Grace
7/24/2016,Make Us One
7/24/2016,"My Jesus, I Love Thee"
7/24/2016,Revive Us Again
7/24/2016,To God be the Glory
7/31/2016,By Our Love
7/31/2016,"Come, We That Love the Lord"
7/31/2016,How Deep the Father's Love for Us
7/31/2016,Jesus Loves Even Me
7/31/2016,Make Me a Blessing
7/31/2016,The Love of God
8/7/2016,All Hail the Lamb
8/7/2016,A Child of the King
8/7/2016,"I Love You, Lord"
8/7/2016,I Love to Tell the Story
8/7/2016,"O, How I Love Jesus"
8/7/2016,"O, Love That Will Not Let Me Go"
8/7/2016,Sooner Count the Stars
8/14/2016,As the Deer
8/14/2016,Family of God
8/14/2016,Like a River Glorious
8/14/2016,Wonderful Words of Life
8/21/2016,In Times Like These
8/21/2016,The Church's One Foundation
8/21/2016,The Solid Rock
8/21/2016,We Have an Anchor
8/21/2016,You Are my Fortress
8/28/2016,Before the Throne of God Above
8/28/2016,O Great God
8/28/2016,Spirit of the Living God
8/28/2016,To be God's People
8/28/2016,Who is on the Lord's Side?
9/4/2016,Amazing Grace
9/4/2016,"And, Can It Be?"
9/4/2016,There's Room at the Cross for You
9/4/2016,When I Survey the Wondrous Cross
9/11/2016,All Creatures of Our God and King
9/11/2016,All Hail King Jesus
9/11/2016,Draw Near Through Christ
9/11/2016,Great is the Lord
9/11/2016,Here's my Heart
9/11/2016,"Immortal, Invisible"
9/11/2016,"In my Life Lord, be Glorified"
9/18/2016,Always the Same
9/18/2016,"Be Still, My Soul"
9/18/2016,I Am With You
9/18/2016,My Faith Looks up to Thee
9/18/2016,Rock of Ages
9/25/2016,All That Thrills my Soul
9/25/2016,Faith is the Victory
9/25/2016,Heaven Came Down
9/25/2016,We Will Glorify
10/2/2016,Cling to Christ
10/2/2016,Grace Greater Than Our Sin
10/2/2016,"Holy, Mighty, Worthy"
10/2/2016,In Christ Alone
10/2/2016,My Savior's Love
10/2/2016,Since Jesus Came Into my Heart
10/9/2016,"Brethren, We Have Met to Worship"
10/9/2016,He Looked Beyond my Fault
10/9/2016,He Owns the Cattle on a Thousand Hills
10/9/2016,I Will Sing of the Mercies
10/9/2016,Now I Belong to Jesus
10/9/2016,"Open Our Eyes, Lord"
10/16/2016,All Hail the Power of Jesus' Name
10/16/2016,Surely Goodness and Mercy
10/16/2016,Thy Loving Kindness
10/30/2016,Do Right
10/30/2016,"Holy, Holy, Holy"
10/30/2016,Jesus Bids Us Shine
10/30/2016,Living for Jesus
10/30/2016,May the Mind of Christ my Savior
11/6/2016,All Hail the Lamb
11/6/2016,Faith of Our Fathers
11/6/2016,Lord of Creation
11/6/2016,"Lord, I Need You"
11/6/2016,My Faith Has Found a Resting Place
11/13/2016,Because He Lives
11/13/2016,Glorify Your Name
11/13/2016,O Worship the King
11/13/2016,Shout to the Lord
11/13/2016,The Solid Rock
11/20/2016,Behold Our God
11/20/2016,"Come, Ye Thankful People, Come"
11/20/2016,Give Thanks
11/20/2016,Gladly Would I Leave Behind Me
11/20/2016,O for a Thousand Tongues to Sing
11/27/2016,"""Are Ye Able,"" Said the Master"
11/27/2016,Joy in Serving Jesus
11/27/2016,Let the Lower Lights be Burning
11/27/2016,The Longer I Serve Him
11/27/2016,"We Come, O Christ, to You"
12/4/2016,At the Cross
12/4/2016,Footsteps of Jesus
12/4/2016,Lamb of God
12/4/2016,"Savior, Like a Shepherd Lead Us"
12/4/2016,Shepherd of Love
12/4/2016,The Power of the Cross
12/11/2016,Hark! the Herald Angels Sing!
12/11/2016,It Came Upon the Midnight Clear
12/11/2016,King of Love
12/11/2016,"O Come, All Ye Faithful"
12/11/2016,O Little Town of Bethlehem
12/11/2016,Who is He in Yonder Stall?
12/18/2016,"Angels, From the Realms of Glory"
12/18/2016,Emmanuel
12/18/2016,"Good Christian Men, Rejoice"
12/18/2016,Joy to the World
12/18/2016,"O Come, O Come, Emmanuel"
12/18/2016,"Silent Night, Holy Night"
12/18/2016,The First Noel
12/25/2016,God Made Low
12/25/2016,Noel
12/25/2016,O Holy Night
12/25/2016,The Birthday of the King
12/25/2016,Thou Didst Leave thy Throne
12/25/2016,What Child is This?
1/1/2017,God Will Take Care of You
1/1/2017,I Am With You
1/1/2017,It is Well With my Soul
1/1/2017,Like a River Glorious
1/1/2017,Under His Wings
1/1/2017,Whatever my God Ordains is Right
1/8/2017,Before Our Father's Throne
1/8/2017,Blessed be the Tie That Binds
1/8/2017,Family of God
1/8/2017,Glorify Your Name
1/8/2017,He is Exalted
1/8/2017,"Joyful, Joyful We Adore Thee"
1/8/2017,Through All Eternity
1/8/2017,To be God's People
1/15/2017,Day by Day
1/15/2017,Lord Speak to Me That I May Speak
1/15/2017,O for a Thousand Tongues to Sing
1/15/2017,This is the Day
1/15/2017,What a Friend We Have in Jesus
1/22/2017,God Leads Us Along
1/22/2017,How Long Has It Been?
1/22/2017,I Must Tell Jesus
1/22/2017,Near to the Heart of God
1/22/2017,Nothing Between
1/22/2017,Thou Wilt Keep Him in Perfect Peace
1/29/2017,Before the Throne of God Above
1/29/2017,Blessed be the Name
1/29/2017,Every Knee Shall Bow to Thee
1/29/2017,"Holy, Mighty, Worthy"
1/29/2017,Who is on the Lord's Side?
2/5/2017,Amazing Grace
2/5/2017,He Giveth More Grace
2/5/2017,I Love to Tell the Story
2/5/2017,My Faith Has Found a Resting Place
2/5/2017,Turn Your Eyes Upon Jesus
2/12/2017,All Hail the Lamb
2/12/2017,"And, Can It Be?"
2/12/2017,How Deep the Father's Love for Us
2/12/2017,I Am Your Salvation
2/12/2017,Jesus Paid It All
2/12/2017,Lead Me to Calvary
2/19/2017,I Will Call Upon the Lord
2/19/2017,"O Church, Arise"
2/19/2017,"Onward, Christian Soldiers"
2/19/2017,Sanctuary
2/19/2017,"Soldiers of Christ, Arise"
2/19/2017,Take my Life and Let It be
2/26/2017,Pass It on
2/26/2017,Set my Soul Afire
2/26/2017,Stand up and Bless the Lord
2/26/2017,The Love of God
3/5/2017,A Mighty Fortress is Our God
3/5/2017,All Creatures of Our God and King
3/5/2017,Cleanse Me
3/5/2017,I Will Glory in my Redeemer
3/5/2017,Take Time to be Holy
3/12/2017,Emmanuel
3/12/2017,Glory to His Name
3/12/2017,Heaven Came Down
3/12/2017,O Great God
3/12/2017,Seek Ye First
3/12/2017,The Solid Rock
3/19/2017,I Am With You
3/19/2017,I Will Glory in my Redeemer
3/19/2017,Jesus is All the World to Me
3/19/2017,May Jesus Christ be Praised
3/19/2017,When We See Christ
3/26/2017,Am I a Soldier of the Cross?
3/26/2017,Great is thy Faithfulness
3/26/2017,I Need Jesus
3/26/2017,In Christ Alone
3/26/2017,Jesus Bids Us Shine
3/26/2017,Rejoice in the Lord
4/2/2017,All the Way my Savior Leads Me
4/2/2017,God Leads Us Along
4/2/2017,I Am Resolved
4/2/2017,"Jesus, Thank You"
4/2/2017,"Savior, Like a Shepherd Lead Us"
4/9/2017,"Alas, and Did my Savior Bleed"
4/9/2017,Always the Same
4/9/2017,Crown Him With Many Crowns
4/9/2017,"Lord, I Need You"
4/9/2017,"O, Love That Will Not Let Me Go"
4/9/2017,This is my Father's World
4/16/2017,Because He Lives
4/16/2017,Christ Arose
4/16/2017,Christ the Lord is Risen Today
4/16/2017,"Come, People of the Risen King"
4/16/2017,Every Knee Shall Bow to Thee
4/16/2017,Man of Sorrows
4/23/2017,All Your Anxiety
4/23/2017,As the Deer
4/23/2017,"Father, I Adore You"
4/23/2017,God is so Good
4/23/2017,I Have a Shelter
4/23/2017,What a Friend We Have in Jesus
4/23/2017,You Are my Fortress
4/30/2017,How Firm a Foundation
4/30/2017,"O Church, Arise"
4/30/2017,"Onward, Christian Soldiers"
4/30/2017,Shout to the Lord
4/30/2017,The Battle Belongs to the Lord
5/7/2017,"Be Still, My Soul"
5/7/2017,Behold Our God
5/7/2017,I Am Your Salvation
5/7/2017,Like a River Glorious
5/7/2017,"Rejoice, the Lord is King"
5/14/2017,Far Above Riches
5/14/2017,"I Am Thine, o Lord"
5/14/2017,Make Me a Blessing
5/14/2017,See the Seed of Faith
5/21/2017,All Hail King Jesus
5/21/2017,By Our Love
5/21/2017,How Great Thou Art
5/21/2017,The Church's One Foundation
5/21/2017,Thou Art Worthy
5/21/2017,To God be the Glory
5/28/2017,Amazing Grace
5/28/2017,"Change my Heart, O God"
5/28/2017,"Eternal Father, Strong to Save"
5/28/2017,Jesus Saves
5/28/2017,See the Seed of Faith
6/4/2017,God of Grace and God of Glory
6/4/2017,"Holy, Holy, Holy"
6/4/2017,O for a Thousand Tongues to Sing
6/4/2017,Spirit of the Living God
6/4/2017,There is a Redeemer
6/11/2017,"Breathe on Me, Breath of God"
6/11/2017,Moment by Moment
6/11/2017,Pentecost Hymn
6/11/2017,"Spirit of God, Descend Upon my Heart"
6/11/2017,The Comforter Has Come
6/18/2017,God My Father
6/18/2017,"God, Our Father, We Adore Thee"
6/18/2017,Holy in Me
6/18/2017,I Am With You
6/18/2017,Spirit of the Living God
6/25/2017,"Come, Thou Almighty King"
6/25/2017,How Deep the Father's Love for Us
6/25/2017,The Power of the Cross
6/25/2017,"We Need You, Holy God"
6/25/2017,We Will Glorify
7/2/2017,A Triune Prayer
7/2/2017,Battle Hymn of the Republic
7/2/2017,Be Thou My Vision
7/2/2017,Judge of the Secrets
7/2/2017,"Open my Eyes, That I May See"
7/2/2017,The Fullness of God's Glory
7/9/2017,"And, Can It Be?"
7/9/2017,Blessed be the Tie That Binds
7/9/2017,Family of God
7/9/2017,"Freely, Freely"
7/9/2017,In Simple Response to You
7/16/2017,Blessed be the Name
7/16/2017,His Name is Wonderful
7/16/2017,Just as I Am
7/16/2017,O Jesus I Have Promised
7/16/2017,"Praise to the Lord, the Almighty"
7/16/2017,There's Just Something About That Name
7/16/2017,We Are Gathered for thy Blessing
7/23/2017,Bring Back the Springtime
7/23/2017,"Father, I Adore You"
7/23/2017,"I Love You, Lord"
7/23/2017,More About Jesus
7/23/2017,"Rejoice, Ye Pure in Heart"
7/23/2017,Take my Life and Let It be
7/30/2017,Amazing Grace
7/30/2017,Higher Ground
7/30/2017,I Am Resolved
7/30/2017,Jesus Loves Me
7/30/2017,Since Jesus Came Into my Heart
7/30/2017,"Teach Me thy Way, o Lord"
8/6/2017,At Calvary
8/6/2017,Break Thou the Bread of Life
8/6/2017,I Will Sing of the Mercies
8/6/2017,Now I Belong to Jesus
8/6/2017,There is a Redeemer
8/13/2017,I Know Whom I Have Believed
8/13/2017,I Will Rise
8/13/2017,It is Well With my Soul
8/13/2017,"Lord, I Need You"
8/13/2017,You Are my Fortress
8/20/2017,Family of God
8/20/2017,O Worship the King
8/20/2017,Stand up for Jesus
8/20/2017,There's Just Something About That Name
8/20/2017,Thou Art Worthy
8/27/2017,All Hail King Jesus
8/27/2017,God Leads Us Along
8/27/2017,God's Mysterious Ways
8/27/2017,He is King
8/27/2017,Victory in Jesus
9/3/2017,How Majestic is Your Name
9/3/2017,I Plead for Grace
9/3/2017,In Your Spirit
9/3/2017,My Faith Looks up to Thee
9/10/2017,Before the Throne of God Above
9/10/2017,Day by Day
9/10/2017,"Holy, Mighty, Worthy"
9/10/2017,"I Am Thine, o Lord"
9/10/2017,O Great God
9/17/2017,"Arise, My Soul, Arise"
9/17/2017,Behold Our God
9/17/2017,"Hallelujah, What a Savior!"
9/17/2017,The Power of the Cross
9/17/2017,The Wonderful Cross
9/17/2017,Trinity Hymn
9/24/2017,I'll Tell the World That I'm a Christian
9/24/2017,O for a Thousand Tongues to Sing
9/24/2017,The Solid Rock
9/24/2017,We've a Story to Tell to the Nations
10/1/2017,How Firm a Foundation
10/1/2017,Reformation Hymn
10/1/2017,The Truth of God is Greater Far
10/1/2017,The Word of God
10/8/2017,Amazing Grace
10/8/2017,Grace Greater Than Our Sin
10/8/2017,Only a Sinner
10/8/2017,The Reformation Hymn
10/15/2017,'Tis so Sweet to Trust in Jesus
10/15/2017,My Faith Has Found a Resting Place
10/15/2017,My Hope is in the Lord
10/15/2017,The Reformation Hymn
10/15/2017,"Walk by Faith, God's Guarantee"
10/22/2017,All Hail the Lamb
10/22/2017,Christ Crucified
10/22/2017,In Christ Alone
10/22/2017,Lamb of Glory
10/22/2017,Reconciled in Christ
10/29/2017,A Mighty Fortress is Our God
10/29/2017,All Glory be to Christ
10/29/2017,Give to Our God Immortal Praise
10/29/2017,The Reformation Hymn
11/5/2017,Great is the Lord
11/5/2017,Sanctuary
11/5/2017,To God be the Glory
11/5/2017,Turn Your Eyes Upon Jesus
11/5/2017,We Will Glorify
11/5/2017,You Are my All in All
11/12/2017,As Simply as a Child
11/12/2017,I Will Call Upon the Lord
11/12/2017,Simply God
11/12/2017,Surely Goodness and Mercy
11/12/2017,"We Thank You, o Lord"
11/19/2017,Heaven's Shout God's Matchless Glory
11/19/2017,My Heart is Filled With Thankfulness
11/19/2017,My Tribute
11/19/2017,"Thank You, Lord"
11/19/2017,Thy Loving Kindness
11/26/2017,For the Beauty of the Earth
11/26/2017,It is Well With my Soul
11/26/2017,"Thank You, Jesus"
11/26/2017,We Gather Together
11/26/2017,"We Have Come, God's Living Temple"
12/3/2017,Before the Starry Universe
12/3/2017,God is With Us! Alleluia!
12/3/2017,O Little Town of Bethlehem
12/3/2017,Rejoice in His Coming
12/3/2017,The Gospel Song
12/3/2017,Thou Didst Leave thy Throne
12/3/2017,Who is He in Yonder Stall?
12/10/2017,"Angels, From the Realms of Glory"
12/10/2017,Christ is Coming! Lift Your Eyes!
12/10/2017,He Who is Mighty
12/10/2017,"Immanuel, Immanuel"
12/10/2017,"O Come, All Ye Faithful"
12/10/2017,What Child is This?
12/17/2017,Emmanuel
12/17/2017,Hark! the Herald Angels Sing!
12/17/2017,Rejoice in His Coming
12/17/2017,The First Noel
12/17/2017,Who Would Have Dreamed
12/24/2017,"O Come, O Come, Emmanuel"
12/24/2017,O Holy Night
12/24/2017,"Silent Night, Holy Night"
12/24/2017,The Birthday of the King
12/24/2017,The Unbelievable
12/31/2017,All Glory be to Christ
12/31/2017,God Leads Us Along
12/31/2017,I Am With You
12/31/2017,Reformation Hymn
12/31/2017,There is a Redeemer
1/7/2018,Crown Him With Many Crowns
1/7/2018,Every Knee Shall Bow to Thee
1/7/2018,I Will Sing of My Redeemer
1/13/2018,All Creatures of Our God and King
1/14/2018,I Am Your Salvation
1/14/2018,If You Would be Great
1/14/2018,Jesus is Lord of Everything
1/14/2018,Let the Lower Lights be Burning
1/14/2018,You Are my All in All
1/21/2018,Each Moment by Faith
1/21/2018,I Know Whom I Have Believed
1/21/2018,It is Well With my Soul
1/28/2018,Be Thou My Vision
1/28/2018,Give to Our God Immortal Praise
1/28/2018,Living for Jesus
1/28/2018,May the Mind of Christ my Savior
1/28/2018,Take Time to be Holy
2/4/2018,As the Deer
2/4/2018,My Faith Looks up to Thee
2/4/2018,"Soldiers of Christ, Arise"
2/4/2018,When We See Christ
2/4/2018,Yield Not to Temptation
2/11/2018,Great is thy Faithfulness
2/11/2018,Higher Ground
2/11/2018,O Great God
2/11/2018,"Rejoice, Ye Pure in Heart"
2/11/2018,"Still, my Soul, be Still"
2/11/2018,You Are my Fortress
2/18/2018,Forgiven
2/18/2018,How Deep the Father's Love for Us
2/18/2018,I Thank the Lord for You
2/18/2018,"Love of God, Possess Me"
2/18/2018,Take my Life and Let It be
2/25/2018,Fruitful in You
2/25/2018,If God is on Our Side
2/25/2018,Just as I Am
2/25/2018,See the Seed of Faith
3/4/2018,Glorious Things of Thee Are Spoken
3/4/2018,"O God, Our Help in Ages Past"
3/4/2018,"Praise, my Soul, the King of Heaven"
3/4/2018,Remember Your Lord
3/4/2018,When I Survey the Wondrous Cross
3/11/2018,All Hail the Lamb
3/11/2018,Draw Near Through Christ
3/11/2018,Lamb of Glory
3/11/2018,There is a Fountain
3/11/2018,Worthy is the Lamb
3/18/2018,All Creatures of Our God and King
3/18/2018,Blessed be the Name
3/18/2018,Give to Our God Immortal Praise
3/18/2018,Transfiguration Hymn
3/25/2018,"Be Still, My Soul"
3/25/2018,"Jesus, I Am Resting, Resting"
3/25/2018,The Truth of God is Greater Far
3/25/2018,The Word of God
3/25/2018,Thy Word
4/1/2018,Before the Throne of God Above
4/1/2018,Christ Arose
4/1/2018,He Lives
4/1/2018,In Christ Alone
4/1/2018,Risen From Eternal Death
4/1/2018,The Wonderful Cross
4/15/2018,"Here Am I, Lord"
4/15/2018,"I Love You, Lord"
4/15/2018,Let the Lower Lights be Burning
4/15/2018,Let's Just Praise the Lord
4/15/2018,Reconciled in Christ
4/15/2018,The Battle Belongs to the Lord
4/22/2018,"Holy, Holy, Holy"
4/22/2018,How Deep the Father's Love for Us
4/22/2018,Jesus Loves Me
4/22/2018,To God be the Glory
4/22/2018,We Will Glorify
4/29/2018,As the Deer
4/29/2018,He is Exalted
4/29/2018,I Surrender
4/29/2018,The Glorified Christ
4/29/2018,To be God's People
5/6/2018,He Leadeth Me
5/6/2018,"Holy, Mighty, Worthy"
5/6/2018,"O Lord, my Rock and my Redeemer"
5/6/2018,"Open my Eyes, That I May See"
5/6/2018,Reformation Hymn
5/13/2018,Blessed Assurance
5/13/2018,He is Able to Deliver Thee
5/13/2018,I Need Thee Every Hour
5/13/2018,What a Friend We Have in Jesus
5/20/2018,All Hail King Jesus
5/20/2018,Behold Our God
5/20/2018,Crown Him With Many Crowns
5/20/2018,"Praise to the Lord, the Almighty"
5/27/2018,God is Our Strength and Refuge
5/27/2018,Jesus Bids Us Shine
5/27/2018,Like a River Glorious
5/27/2018,Living for Jesus
5/27/2018,"My Jesus, I Love Thee"
5/27/2018,You Are my All in All
6/3/2018,God Supreme
6/3/2018,Great Lord of All Reality
6/3/2018,O How He Loves You and Me
6/3/2018,"Rejoice, the Lord is King"
6/10/2018,Be Thou My Vision
6/10/2018,"Change my Heart, O God"
6/10/2018,Great is the Lord
6/10/2018,May the Mind of Christ my Savior
6/10/2018,This is my Father's World
6/17/2018,How Great Thou Art
6/17/2018,I Thank the Lord for You
6/17/2018,In Christ Alone
6/17/2018,Our Hope is All in You
6/17/2018,"Spirit of God, Descend Upon my Heart"
6/24/2018,Give to Our God Immortal Praise
6/24/2018,Glorify Your Name
6/24/2018,"O, Come, Let Us Adore Him"
6/24/2018,Praise Him! Praise Him!
7/1/2018,All Praise to Him
7/1/2018,I Plead for Grace
7/1/2018,"O, Love That Will Not Let Me Go"
7/1/2018,Standing on the Promises
7/8/2018,Every Knee Shall Bow to Thee
7/8/2018,Face to Face
7/8/2018,Jesus is Lord of Everything
7/8/2018,Until Then
7/8/2018,What a Mighty God We Serve
7/8/2018,You Are my All in All
7/15/2018,"Breathe on Me, Breath of God"
7/15/2018,He's Everything to Me
7/15/2018,"Lord, Life Becomes More Simple"
7/15/2018,"Lord, May Our Thoughts"
7/15/2018,Only One Life
7/29/2018,"And, Can It Be?"
7/29/2018,Heaven Came Down
7/29/2018,I Am Your Salvation
7/29/2018,My Faith Has Found a Resting Place
8/5/2018,"Father, I Adore You"
8/5/2018,"In my Life Lord, be Glorified"
8/5/2018,My Anchor Holds
8/5/2018,"O Church, Arise"
8/5/2018,O Worship the King
8/12/2018,All Praise to Him
8/12/2018,Amazing Grace
8/12/2018,Be Thou My Vision
8/12/2018,Riches of Salvation
8/12/2018,"Spirit of God, Descend Upon my Heart"
8/19/2018,If You Would be Great
8/19/2018,Rock of Ages
8/19/2018,Step by Step
8/19/2018,What a Friend We Have in Jesus
8/26/2018,It's Your Grace
8/26/2018,Only a Sinner
8/26/2018,Reformation Hymn
8/26/2018,Wonderful Grace of Jesus
9/2/2018,Just as I Am
9/2/2018,Mercy
9/2/2018,My Savior's Love
9/2/2018,There is a Fountain
9/2/2018,When I Survey the Wondrous Cross
9/9/2018,Grace and Peace
9/9/2018,"Have Thine Own Way, Lord"
9/9/2018,Make my Life a Holy Fragrance
9/9/2018,Step by Step
9/9/2018,Turn Your Eyes Upon Jesus
9/16/2018,A Shelter in the Time of Storm
9/16/2018,How Deep the Father's Love for Us
9/16/2018,Surely Goodness and Mercy
9/16/2018,The Heart of Christ
9/16/2018,The Mercies of God
9/23/2018,All I Have is Christ
9/23/2018,Before the Throne of God Above
9/23/2018,"O, How I Love Jesus"
9/23/2018,The Love of God
9/23/2018,Thy Loving Kindness
9/30/2018,Blessed Assurance
9/30/2018,"I Love You, Lord"
9/30/2018,I Will Sing of the Mercies
9/30/2018,"Lord, You Are Love"
9/30/2018,"Love of God, Possess Me"
10/7/2018,Be Thou My Vision
10/7/2018,Behold Our God
10/7/2018,God Supreme
10/7/2018,If God is on Our Side
10/14/2018,Beyond Imagination
10/14/2018,I Asked the Lord That I Might Grow
10/14/2018,I Know Whom I Have Believed
10/14/2018,Praise Him! Praise Him!
10/14/2018,Trust and Obey
10/21/2018,Beatitudes Hymn
10/21/2018,"Holy, Holy, Holy"
10/21/2018,"Praise to the Lord, the Almighty"
10/21/2018,The Wonder of It All
10/28/2018,All Hail the Power of Jesus' Name
10/28/2018,"Father, I've Failed You"
10/28/2018,Reformation Hymn
11/4/2018,O Great God
11/4/2018,Sanctuary
11/4/2018,Take Time to be Holy
11/4/2018,To God be the Glory
11/11/2018,"Come, Ye Thankful People, Come"
11/11/2018,Give Me Jesus
11/11/2018,Great is thy Faithfulness
11/11/2018,If You Would be Great
11/11/2018,O for a Thousand Tongues to Sing
11/18/2018,Always the Same
11/18/2018,"Lord, I Need You"
11/18/2018,You Are my Fortress
11/25/2018,For the Beauty of the Earth
11/25/2018,Great Lord of All Reality
11/25/2018,"Holy, Holy, Holy"
11/25/2018,In Christ Alone
11/25/2018,"Lord Jesus, Living Presence"
12/2/2018,God Made Low
12/2/2018,God is With Us! Alleluia!
12/2/2018,Now Unto Us a Child is Born
12/2/2018,The Lord Has Come
12/9/2018,It Came Upon the Midnight Clear
12/9/2018,Joy to the World
12/9/2018,The First Noel
12/9/2018,Away in a Manger
12/9/2018,Blessed be the God of Israel
12/9/2018,Christ is Coming! Lift Your Eyes!
12/9/2018,"O Come, All Ye Faithful"
12/9/2018,"O Come, O Come, Emmanuel"
12/9/2018,Thou Didst Leave thy Throne
12/16/2018,"Angels, From the Realms of Glory"
12/16/2018,Emmanuel
12/16/2018,Hark! the Herald Angels Sing!
12/16/2018,Rejoice in His Coming
12/16/2018,Who is He in Yonder Stall?
12/23/2018,"Go, Tell It on the Mountain"
12/23/2018,O Holy Night
12/23/2018,One Still Night
12/23/2018,Star Hymn
12/23/2018,What Child is This?
12/30/2018,All Glory be to Christ
12/30/2018,All Praise to Him
12/30/2018,"Be Still, My Soul"
12/30/2018,"Rise Up, o Church of God"
12/30/2018,"Thy Hand, o God, Has Guided"
1/6/2019,A Christian's Daily Prayer
1/6/2019,Behold Our God
1/6/2019,I Sing the Mighty Power of God
1/6/2019,Nature With Open Volume Stands
1/6/2019,We Look Behind at All You've Done
1/27/2019,How Great Thou Art
1/27/2019,"Praise to the Lord, the Almighty"
1/27/2019,The Wonder of It All
1/27/2019,Thou Art Worthy
2/3/2019,He Leadeth Me
2/3/2019,"Lavish Love, Abundant Beauty"
2/3/2019,Shout to the Lord
2/3/2019,Step by Step
2/3/2019,The Solid Rock
2/10/2019,All the Way my Savior Leads Me
2/10/2019,"Have Thine Own Way, Lord"
2/10/2019,He Hideth my Soul
2/10/2019,I Will Sing of the Mercies
2/10/2019,"Lord, May Our Thoughts"
2/17/2019,Amazing Grace
2/17/2019,Give Me Jesus
2/17/2019,If You Would be Great
2/24/2019,"Come, Thou Almighty King"
2/24/2019,"Holy, Mighty, Worthy"
2/24/2019,I Am Your Salvation
2/24/2019,We Will Glorify
2/24/2019,You Are my All in All
3/3/2019,"Arise, My Soul, Arise"
3/3/2019,How Deep the Father's Love for Us
3/3/2019,Remember Your Lord
3/3/2019,There is a Fountain
3/3/2019,Worthy is the Lamb
3/10/2019,All Hail King Jesus
3/10/2019,Behold Our God
3/10/2019,The Battle Belongs to the Lord
3/10/2019,Victory in Jesus
3/17/2019,"Holy, Holy, Holy"
3/17/2019,Rock of Ages
3/17/2019,The Law of the Lord is Perfect
3/17/2019,Transfiguration Hymn
3/24/2019,Glorious Things of Thee Are Spoken
3/24/2019,O Great God
3/24/2019,Redeemed
3/24/2019,Sanctuary
3/24/2019,Step by Step
3/31/2019,All Praise to Him
3/31/2019,Alleluia! Sing to Jesus
3/31/2019,Give to Our God Immortal Praise
3/31/2019,He is Exalted
3/31/2019,No King but Christ
4/7/2019,A Mighty Fortress is Our God
4/7/2019,As the Deer
4/7/2019,"Soldiers of Christ, Arise"
4/7/2019,"We Come, O Christ, to You"
4/14/2019,Crown Him With Many Crowns
4/14/2019,I Will Praise Him
4/14/2019,Make Us One
4/14/2019,May Jesus Christ be Praised
4/14/2019,Your Name is Matchless
4/21/2019,All Hail the Lamb
4/21/2019,Because He Lives
4/21/2019,Christ Arose
4/21/2019,Every Knee Shall Bow to Thee
4/21/2019,Forever
4/21/2019,Worship Christ the Risen King
4/28/2019,As Simply as a Child
4/28/2019,Faith is the Victory
4/28/2019,I Am With You
4/28/2019,"O Church, Arise"
4/28/2019,You Servants of God
5/5/2019,"Arise, My Soul, Arise"
5/5/2019,"Change my Heart, O God"
5/5/2019,"O, Love That Will Not Let Me Go"
5/5/2019,"Spirit of God, Descend Upon my Heart"
5/5/2019,Turn Your Eyes Upon Jesus
5/12/2019,I Am Resolved
5/12/2019,Reformation Hymn
5/12/2019,Set my Soul Afire
5/12/2019,Who is on the Lord's Side?
5/19/2019,All I Have is Christ
5/19/2019,"And, Can It Be?"
5/19/2019,How Deep the Father's Love for Us
5/19/2019,Meekness
5/19/2019,Only a Sinner
5/26/2019,"How Long, O Lord"
5/26/2019,In His Time
5/26/2019,It is Well With my Soul
5/26/2019,The Way of the Cross Leads Home
6/2/2019,"Come, We That Love the Lord"
6/2/2019,"Rejoice, the Lord is King"
6/2/2019,Shelter in the Time of Storm
6/2/2019,The Love of God
6/2/2019,You Are my Fortress
6/9/2019,"Hallelujah, What a Savior!"
6/9/2019,"Jesus, thy Blood and Righteousness"
6/9/2019,The Power of the Cross
6/9/2019,The Wonderful Cross
6/16/2019,All I Have is Christ
6/16/2019,Jesus is All the World to Me
6/16/2019,O for a Thousand Tongues to Sing
6/16/2019,Revive Us Again
6/16/2019,Wonderful Words of Life
6/23/2019,A Christian's Daily Prayer
6/23/2019,He is Able to Deliver Thee
6/23/2019,I Will Sing of My Redeemer
6/23/2019,The Reason We Sing
6/30/2019,Before the Throne of God Above
6/30/2019,Jesus Loves Me
6/30/2019,Mercy
6/30/2019,Our Father's Burning Heart
6/30/2019,Rescue the Perishing
7/7/2019,Fruitful in You
7/7/2019,He Keeps Me Singing
7/7/2019,In His Time
7/7/2019,"Jesus, I Am Resting, Resting"
7/7/2019,Standing on the Promises
7/14/2019,Blessed be the Name
7/14/2019,Give to Our God Immortal Praise
7/14/2019,Great is the Lord
7/14/2019,I Will Sing of the Mercies
7/14/2019,In Simple Response to You
7/21/2019,"Come, Thou Almighty King"
7/21/2019,God is With Us! Alleluia!
7/21/2019,The Gospel Song
7/21/2019,Thou Didst Leave thy Throne
7/28/2019,A Child of the King
7/28/2019,Hark! the Herald Angels Sing!
7/28/2019,One Day
7/28/2019,Step by Step
7/28/2019,Tell Me the Story of Jesus
8/4/2019,All We Need
8/4/2019,As the Deer
8/4/2019,I Am With You
8/4/2019,Seek Ye First
8/4/2019,The Word of God
8/11/2019,Discover Jesus Christ
8/11/2019,He Keeps Me Singing
8/11/2019,Revive Us Again
8/11/2019,Satisfied
8/11/2019,The Glories of Christ
8/18/2019,All I Have is Christ
8/18/2019,Raised From Death to Love and Living
8/18/2019,Reformation Hymn
8/18/2019,What a Wonderful Savior
8/25/2019,A Christian's Daily Prayer
8/25/2019,Be Thou My Vision
8/25/2019,Until Then
8/25/2019,We Sing a Life Completed
8/25/2019,When We See Christ
8/25/2019,Who is on the Lord's Side?
9/8/2019,Behold Our God
9/8/2019,Family of God
9/8/2019,Greater is He That is in Me
9/8/2019,He's Everything to Me
9/8/2019,Pentecost Hymn
9/8/2019,To God be the Glory
9/15/2019,Always the Same
9/15/2019,"And, Can It Be?"
9/15/2019,"Holy, Holy, Holy"
9/15/2019,How Deep the Father's Love for Us
9/15/2019,Jesus Loves Even Me
9/15/2019,You Are my Fortress
9/22/2019,All Praise to Him
9/22/2019,How Great Thou Art
9/22/2019,I Am With You
9/22/2019,Shelter in the Time of Storm
9/22/2019,You Are my All in All
9/29/2019,All Hail the Lamb
9/29/2019,All Hail the Power of Jesus' Name
9/29/2019,"Holy, Mighty, Worthy"
9/29/2019,There is a Redeemer
9/29/2019,Transfiguration Hymn
10/6/2019,All I Have is Christ
10/6/2019,Amazing Grace
10/6/2019,Behold Our God
10/6/2019,My Faith Looks up to Thee
10/6/2019,Who is He in Yonder Stall?
10/13/2019,As the Deer
10/13/2019,Holy in Me
10/13/2019,"I Love You, Lord"
10/13/2019,"Love of God, Possess Me"
10/13/2019,Step by Step
10/13/2019,"O God, You Are my God"
10/20/2019,Lamb of Glory
10/20/2019,Nothing but the Blood
10/20/2019,Remember Your Lord
10/20/2019,There is a Fountain
10/27/2019,"Father, I've Failed You"
10/27/2019,"Lord, Speak to Me"
10/27/2019,O Great God
10/27/2019,You Servants of God
11/3/2019,Had You Not Chosen Me
11/3/2019,"Hallelujah, What a Savior!"
11/3/2019,I Will Glory in my Redeemer
11/3/2019,Lamb of God
11/3/2019,My Heart Would Still Refuse You
11/3/2019,"My Lord, I Did Not Choose You"
11/10/2019,Before the Cross
11/10/2019,I Will Glory in my Redeemer
11/10/2019,"Stricken, Smitten, and Afflicted"
11/10/2019,The Blood Will Never Lose Its Power
11/10/2019,The Power of the Cross
11/17/2019,Every Knee Shall Bow to Thee
11/17/2019,Give to Our God Immortal Praise
11/17/2019,Jesus Bids Us Shine
11/17/2019,Let Mercy Shine
11/17/2019,We Will Glorify
11/24/2019,Before the Throne of God Above
11/24/2019,Christ Arose
11/24/2019,Great is thy Faithfulness
11/24/2019,"O Lord, my Rock and my Redeemer"
11/24/2019,Risen From Eternal Death
12/1/2019,A Christian's Daily Prayer
12/1/2019,I Am With You
12/1/2019,"Immortal, Invisible"
12/1/2019,Jesus is Lord of Everything
12/1/2019,Worship Christ the Risen King
12/8/2019,In Your Spirit
12/8/2019,Pentecost Hymn
12/8/2019,The Comforter Has Come
12/8/2019,There Blooms a Rose in Bethlehem
12/8/2019,We Are Gathered for thy Blessing
12/15/2019,"Angels, From the Realms of Glory"
12/15/2019,"Come, Thou Long-Expected Jesus"
12/15/2019,Emmanuel
12/15/2019,Star Hymn
12/15/2019,Who is He in Yonder Stall?
12/22/2019,Hallelujah Hymn
12/22/2019,Just as I Am
12/22/2019,"O Come, All Ye Faithful"
12/22/2019,"O Come, O Come, Emmanuel"
12/22/2019,O Holy Night
12/22/2019,What Child is This?
12/29/2019,All Glory be to Christ
12/29/2019,"Holy, Holy, Holy"
12/29/2019,How Great Thou Art
12/29/2019,Jesus Shall Reign
12/29/2019,Joy to the World
1/5/2020,Higher Ground
1/5/2020,I Am With You
1/5/2020,O Great God
1/5/2020,Seek Ye First
1/5/2020,Turn Your Eyes Upon Jesus
1/12/2020,Dedication Hymn
1/12/2020,For Me to Live is Christ
1/12/2020,He Keeps Me Singing
1/12/2020,I Need Thee Every Hour
1/19/2020,A Christian's Daily Prayer
1/19/2020,"Be Still, My Soul"
1/19/2020,Behold Our God
1/19/2020,In Your Spirit
1/19/2020,There is a Redeemer
1/26/2020,"Holy, Mighty, Worthy"
1/26/2020,"Lord, Speak to Me"
1/26/2020,"Open my Eyes, That I May See"
1/26/2020,The Word of God
1/26/2020,Worthy is the Lamb
2/2/2020,Blessed be the Name
2/2/2020,Ever Full and Overflowing
2/2/2020,How Deep the Father's Love for Us
2/2/2020,O Worship the King
2/9/2020,If God is on Our Side
2/9/2020,My Anchor Holds
2/9/2020,The Haven of Rest
2/9/2020,The Solid Rock
2/9/2020,We Have an Anchor
2/16/2020,All Creatures of Our God and King
2/16/2020,All Hail the Power of Jesus' Name
2/16/2020,"Christ, the Sure and Steady Anchor"
2/16/2020,Revive Us Again
2/16/2020,The Fullness of God's Glory
2/16/2020,"We Come, O Christ, to You"
2/23/2020,"Christ, the Sure and Steady Anchor"
2/23/2020,Jesus is Lord of Everything
2/23/2020,Praise Him! Praise Him!
2/23/2020,The Fullness of God's Glory
3/1/2020,All I Have is Christ
3/1/2020,Be Thou My Vision
3/1/2020,"Christ, the Sure and Steady Anchor"
3/1/2020,"Open Our Eyes, Lord"
3/1/2020,Wonderful Words of Life
3/8/2020,Before the Throne of God Above
3/8/2020,Great is the Lord
3/8/2020,How Great Thou Art
3/8/2020,How Majestic is Your Name
3/8/2020,We Can Know Our God Transcendent
5/10/2020,Blessed be the Name
5/10/2020,How Firm a Foundation
5/10/2020,Like a River Glorious
5/17/2020,Before the Throne of God Above
5/17/2020,Crown Him With Many Crowns
5/17/2020,Does Jesus Care?
5/17/2020,"Jesus, Your Mercy"
5/24/2020,"Jesus, Name Above All Names"
5/24/2020,"O, How I Love Jesus"
5/24/2020,Thy Loving Kindness
5/24/2020,You Are my Fortress
5/31/2020,I Am Your Salvation
5/31/2020,We Will Glorify
6/7/2020,Be Thou My Vision
6/7/2020,I Am Resolved
6/7/2020,One Step at a Time
6/7/2020,Step by Step
6/14/2020,A Christian's Daily Prayer
6/14/2020,Higher Ground
6/14/2020,Step by Step
6/21/2020,All I Have is Christ
6/21/2020,Redeemed
6/21/2020,Thy Word
6/28/2020,I Know Whom I Have Believed
6/28/2020,In Your Spirit
6/28/2020,There is a Fountain
7/5/2020,"Change my Heart, O God"
7/5/2020,Immovable Our Hope Remains
7/5/2020,Sanctuary
7/5/2020,Since I Have Been Redeemed
7/19/2020,In Christ Alone
7/19/2020,My Faith Looks up to Thee
7/19/2020,The Solid Rock
8/2/2020,Great is thy Faithfulness
8/2/2020,Reformation Hymn
8/9/2020,"Arise, My Soul, Arise"
8/9/2020,If God is on Our Side
8/16/2020,Before the Throne of God Above
8/16/2020,Jesus Saves
8/16/2020,Reconciled in Christ
8/23/2020,Jesus is Lord of Everything
8/30/2020,Christ Crucified
8/30/2020,Revive Us Again
8/30/2020,"We Come, O Christ, to You"
9/6/2020,Draw Near Through Christ
9/6/2020,Nothing but the Blood
9/6/2020,"Oh, What an Amazing Mystery"
9/6/2020,There is a Fountain
9/6/2020,What an Amazing Mystery
9/13/2020,As the Deer
9/13/2020,I Love to Tell the Story
9/13/2020,O for a Thousand Tongues to Sing
9/20/2020,All I Have is Christ
9/20/2020,Jesus Paid It All
9/20/2020,The Blood Will Never Lose Its Power
9/27/2020,All Hail the Lamb
9/27/2020,"Christ, the Sure and Steady Anchor"
9/27/2020,He Hideth my Soul
10/4/2020,O for a Thousand Tongues to Sing
10/4/2020,Redeemed
10/4/2020,Saved by the Blood
10/11/2020,Alas! By Nature How Depraved
10/11/2020,"Hallelujah, What a Savior!"
10/11/2020,I Will Sing of My Redeemer
10/11/2020,"O God, Our Help in Ages Past"
10/18/2020,Before the Throne of God Above
10/18/2020,Blessed Assurance
10/18/2020,"Rise Up, o Church of God"
10/25/2020,"Arise, My Soul, Arise"
10/25/2020,How Great Thou Art
10/25/2020,I Know Whom I Have Believed
11/1/2020,My Hope is in the Lord
11/1/2020,Reformation Hymn
11/1/2020,To Avert From Men God's Wrath
11/8/2020,How Firm a Foundation
11/8/2020,It is Well With my Soul
11/8/2020,Like a River Glorious
11/15/2020,All I Have is Christ
11/15/2020,I Will Praise Him
11/15/2020,My Faith Has Found a Resting Place
11/29/2020,I Need Thee Every Hour
11/29/2020,Pass the Peace of Christ
11/29/2020,"Praise to the Lord, the Almighty"
11/29/2020,We Gather Together
12/6/2020,Come to You
12/6/2020,God is With Us! Alleluia!
12/6/2020,Star Hymn
12/6/2020,What Child is This?
12/6/2020,Who is He in Yonder Stall?
12/6/2020,Who is This?
12/13/2020,"Angels, From the Realms of Glory"
12/13/2020,"Come, Thou Long-Expected Jesus"
12/13/2020,Once Upon
12/13/2020,Rejoice in His Coming
12/13/2020,Thou Didst Leave thy Throne
12/20/2020,Do Not Fear
12/20/2020,Hark! the Herald Angels Sing!
12/20/2020,"Mary, Did You Know?"
12/20/2020,"O Come, O Come, Emmanuel"
12/20/2020,O Holy Night
12/20/2020,The First Noel
12/27/2020,'Tis so Sweet to Trust in Jesus
12/27/2020,Away in a Manger
12/27/2020,"O Come, All You Unfaithful"
12/27/2020,"O, Come, Let Us Adore Him"
12/27/2020,Our God Came to Visit
12/27/2020,Peace in Christ
1/3/2021,"And, Can It Be?"
1/3/2021,Because He Lives
1/3/2021,"Christ, the Sure and Steady Anchor"
1/3/2021,Ever Standing in Your Presence
1/3/2021,Satisfied
1/10/2021,"In my Life Lord, be Glorified"
1/10/2021,Jesus Bids Us Shine
1/10/2021,My Faith Looks up to Thee
1/17/2021,A Christian's Daily Prayer
1/17/2021,"Come, Let Us Worship and Bow Down"
1/17/2021,O Great God
1/17/2021,Step by Step
1/24/2021,"Come, Let Us Worship and Bow Down"
1/24/2021,His Name Shall be Praised
1/24/2021,Our Hope is All in You
1/24/2021,When Morning Gilds the Skies
1/31/2021,Be Thou My Vision
1/31/2021,Give to Our God Immortal Praise
1/31/2021,Just a Closer Walk With Thee
1/31/2021,Like a River Glorious
2/7/2021,Behold Our God
2/7/2021,I Am With You
2/7/2021,It is Well With my Soul
2/7/2021,You Are Fortress
2/14/2021,Immovable Our Hope Remains
2/14/2021,"Jesus, the Very Thought of Thee"
2/14/2021,O How He Loves You and Me
2/14/2021,Present Lord
2/14/2021,The Love of God
2/21/2021,All Praise to Him
2/21/2021,I Sing the Mighty Power of God
2/21/2021,If God is on Our Side
2/21/2021,No King but Christ
2/21/2021,"Rejoice, the Lord is King"
2/21/2021,Who is on the Lord's Side?
2/28/2021,All That Thrills my Soul
2/28/2021,Christ Will be my Hideaway
2/28/2021,"Christ, the Sure and Steady Anchor"
2/28/2021,For Me to Live is Christ
2/28/2021,Give to Our God Immortal Praise
3/7/2021,All I Have is Christ
3/7/2021,I Asked the Lord That I Might Grow
3/7/2021,The Wonderful Cross
3/7/2021,You Are my All in All
3/7/2021,You Made Us Your Own
3/14/2021,Does Jesus Care?
3/14/2021,Glorify Your Name
3/14/2021,I Need Thee Every Hour
3/14/2021,What a Mighty God We Serve
3/21/2021,Crucifixion Hymn
3/21/2021,Precious Children
3/21/2021,The Old Rugged Cross
3/21/2021,The Power of the Cross
3/28/2021,A Hymn for the Wilderness
3/28/2021,All Creatures of Our God and King
3/28/2021,All Hail King Jesus
3/28/2021,All Hail the Lamb
3/28/2021,"Lead On, O King Eternal"
4/4/2021,Because He Lives
4/4/2021,Christ Arose
4/4/2021,"Christ is Risen, He's Risen Indeed"
4/4/2021,In Christ Alone
4/11/2021,Faith is the Victory
4/11/2021,Faith of Our Fathers
4/11/2021,I Asked the Lord That I Might Grow
4/11/2021,My Faith Looks up to Thee
4/18/2021,How Firm a Foundation
4/18/2021,It is Well With my Soul
4/18/2021,My Faith Has Found a Resting Place
4/18/2021,Standing on the Promises
4/25/2021,A Christian's Daily Prayer
4/25/2021,Am I a Soldier of the Cross?
4/25/2021,"Christ, the Sure and Steady Anchor"
4/25/2021,"Come, Lord Jesus"
4/25/2021,I Know Whom I Have Believed
5/2/2021,All Glory be to Christ
5/2/2021,"Lo, What a Cloud of Witnesses"
5/2/2021,May the Mind of Christ my Savior
5/2/2021,O for a Thousand Tongues to Sing
5/2/2021,The Glories of Christ
5/23/2021,Commit thy Way Unto the Lord
5/23/2021,"I Am His, and He is Mine"
5/23/2021,I Want a Principle Within
5/23/2021,"O God, Our Help in Ages Past"
5/23/2021,Whiter Than Snow
5/30/2021,I Am Resolved
5/30/2021,I Am With You
5/30/2021,"Lord, I Need You"
5/30/2021,Step by Step
5/30/2021,You Are my Fortress
6/6/2021,"Change my Heart, O God"
6/6/2021,His Way With Thee
6/6/2021,Let Your Heart be Broken
6/6/2021,Surely Goodness and Mercy
6/6/2021,To be God's People
6/20/2021,At Calvary
6/20/2021,Behold Our God
6/20/2021,Rock of Ages
6/20/2021,Wonderful Grace of Jesus
6/27/2021,All Hail the Power of Jesus' Name
6/27/2021,Grace Greater Than Our Sin
6/27/2021,We're Marching to Zion
7/4/2021,All Praise to Him
7/4/2021,I Sing the Mighty Power of God
7/4/2021,Remember Your Lord
7/11/2021,Make Us One
7/11/2021,Pass It on
7/11/2021,"Praise to the Lord, the Almighty"
7/11/2021,The Church's One Foundation
7/18/2021,Blessed be the Tie That Binds
7/18/2021,Great is thy Faithfulness
7/18/2021,Jesus Loves Me
7/25/2021,A Child of the King
7/25/2021,All That Thrills my Soul
7/25/2021,As the Deer
7/25/2021,You Are my All in All
8/1/2021,Always the Same
8/1/2021,"Christ, the Sure and Steady Anchor"
8/1/2021,Praise the Savior
8/1/2021,Turn Your Eyes Upon Jesus
8/8/2021,A Christian's Daily Prayer
8/8/2021,"Christ Jesus, thy Beloved Son"
8/8/2021,Draw Near Through Christ
8/8/2021,"Lord, Keep Us Steadfast in Your Word"
8/8/2021,When I Survey the Wondrous Cross
8/15/2021,Give Me Jesus
8/15/2021,Glorify Your Name
8/15/2021,Wonderful Jesus
8/22/2021,Be Thou My Vision
8/22/2021,King of Love
8/22/2021,"Lord, I Need You"
8/22/2021,O Great God
8/22/2021,"O, Love That Will Not Let Me Go"
8/22/2021,We Will Glorify
9/19/2021,All Hail the Power of Jesus' Name
9/19/2021,"And, Can It Be?"
9/19/2021,In Christ Alone
9/26/2021,I Sing the Mighty Power of God
9/26/2021,More About Jesus
9/26/2021,Tell Me the Story of Jesus
9/26/2021,The Gospel Song
9/26/2021,The Truth of God is Greater Far
10/3/2021,All We Need
10/3/2021,"Arise, My Soul, Arise"
10/3/2021,"Christ, the Sure and Steady Anchor"
10/3/2021,I Know Whom I Have Believed
10/3/2021,Sweet Hour of Prayer
10/10/2021,All I Have is Christ
10/10/2021,"I Come by the Blood, I Come by the Cross"
10/10/2021,I Will Glory in my Redeemer
10/10/2021,"Jesus, thy Blood and Righteousness"
10/10/2021,Seek Ye First
10/17/2021,Great is the Lord
10/17/2021,"Holy, Mighty, Worthy"
10/17/2021,How Firm a Foundation
10/17/2021,Join All the Glorious Names
10/17/2021,"Rejoice, the Lord is King"
10/17/2021,The Allness of God
10/24/2021,Give to Our God Immortal Praise
10/24/2021,"Hallelujah, What a Savior!"
10/24/2021,I Will Glory in my Redeemer
10/31/2021,Only a Sinner
10/31/2021,Reformation Hymn
10/31/2021,Yet Not I but Through Christ in Me
11/7/2021,Be Thou My Vision
11/7/2021,Jesus Loves Even Me
11/7/2021,Turn Your Eyes Upon Jesus
11/21/2021,A Christian's Daily Prayer
11/21/2021,I Know Whom I Have Believed
11/21/2021,There is a Redeemer
11/21/2021,Trust and Obey
11/28/2021,Give Thanks
11/28/2021,It Took a Miracle
11/28/2021,Jesus Shall Reign
11/28/2021,"Thank You, Lord"
11/28/2021,The God of the Impossible
12/5/2021,"Come, Christians, Join to Sing"
12/5/2021,"Come, Thou Long-Expected Jesus"
12/5/2021,God Rest Ye Merry Gentlemen
12/5/2021,"Jesus, Name Above All Names"
12/12/2021,Glorify Your Name
12/12/2021,"Good Christian Men, Rejoice"
12/12/2021,"Holy, Holy, Holy"
12/12/2021,Mary's Song
12/12/2021,Star Hymn
12/12/2021,Who is He in Yonder Stall?
12/19/2021,Hark! the Herald Angels Sing!
12/19/2021,"O Come, All Ye Faithful"
12/19/2021,O Holy Night
12/19/2021,What Child is This?
12/26/2021,Blessed be the Name
12/26/2021,Christ is Coming! Lift Your Eyes!
12/26/2021,"Come, Ye Thankful People, Come"
12/26/2021,God My Father
12/26/2021,"Hallelujah, What a Savior!"
12/26/2021,O Bless the God of Israel
12/26/2021,The Church's One Foundation
1/2/2022,Behold Our God
1/2/2022,Like a River Glorious
1/2/2022,"O God, Our Help in Ages Past"
1/2/2022,We Look Behind at All You've Done
1/2/2022,All Creatures of Our God and King
1/9/2022,"Go, Tell It on the Mountain"
1/9/2022,"Good Christian Men, Rejoice"
1/9/2022,The Birthday of the King
1/9/2022,The First Noel
1/16/2022,A Christian's Daily Prayer
1/16/2022,Blessed be the Name
1/16/2022,His Name is Wonderful
1/16/2022,Sanctuary
1/16/2022,There's Just Something About That Name
1/23/2022,All Hail the Power of Jesus' Name
1/23/2022,"Arise, My Soul, Arise"
1/23/2022,Be Thou My Vision
1/23/2022,"O, Love That Will Not Let Me Go"
1/23/2022,We Lift the Light of Hope
1/30/2022,O for a Thousand Tongues to Sing
1/30/2022,Wonderful Grace of Jesus
1/30/2022,Yet Not I but Through Christ in Me
2/6/2022,"Immortal, Invisible"
2/6/2022,In my Heart There Rings a Melody
2/6/2022,Living for Jesus
2/6/2022,Lord Speak to Me That I May Speak
2/6/2022,Today in Your Presence
2/13/2022,"Come, Thou Almighty King"
2/13/2022,"Come, Ye Thankful People, Come"
2/13/2022,I Will Glory in my Redeemer
2/13/2022,"Jesus, Full of Truth and Grace"
2/13/2022,"O, How I Love Jesus"
2/13/2022,See All That Human Can be
2/20/2022,All I Have is Christ
2/20/2022,I Will Sing the Wondrous Story
2/20/2022,O Great God
2/20/2022,To God be the Glory
2/27/2022,God Alone
2/27/2022,I Am Resolved
2/27/2022,"In my Life Lord, be Glorified"
2/27/2022,Who is on the Lord's Side?
3/6/2022,"Be Still, My Soul"
3/6/2022,"Christ, the Sure and Steady Anchor"
3/6/2022,God is so Good
3/6/2022,"Lord, I Need You"
3/6/2022,You Are my Fortress
3/13/2022,All Creatures of Our God and King
3/13/2022,O Worship the King
3/13/2022,This is my Father's World
3/13/2022,Worthy is the Lamb
3/27/2022,Behold Our God
3/27/2022,"Holy, Holy, Holy"
3/27/2022,I Sing the Mighty Power of God
3/27/2022,Thou Art Worthy
4/3/2022,All Hail the Lamb
4/3/2022,Christ Exalted is Our Song
4/3/2022,Only a Sinner
4/3/2022,"Redeemed, How I Love to Proclaim It"
4/3/2022,"Spirit of God, Descend Upon my Heart"
4/10/2022,All Hail King Jesus
4/10/2022,Crown Him With Many Crowns
4/10/2022,God is Light
4/10/2022,May Jesus Christ be Praised
4/10/2022,Praise Him! Praise Him!
4/17/2022,He Lives
4/17/2022,If Christ Had Not Been Raised From Death
4/17/2022,In Christ Alone
4/17/2022,"O, for a Thousand Tongues to Sing"
4/17/2022,The Power of the Cross
4/24/2022,At Calvary
4/24/2022,Family of God
4/24/2022,Jesus Loves Even Me
4/24/2022,Seek Ye First
5/1/2022,All Hail the Glorious Christ
5/1/2022,As the Deer
5/1/2022,Day by Day
5/1/2022,Yet Not I but Through Christ in Me
5/8/2022,A Christian's Daily Prayer
5/8/2022,Before the Throne of God Above
5/8/2022,How Firm a Foundation
5/8/2022,I Am With You
5/8/2022,The Word Made Flesh
5/22/2022,"Be Still, My Soul"
5/22/2022,It is Well With my Soul
5/22/2022,Like a River Glorious
5/22/2022,The Solid Rock
5/22/2022,Whatever my God Ordains is Right
5/29/2022,I Am With You
5/29/2022,I Need Thee Every Hour
5/29/2022,Seek Ye First
6/5/2022,All I Have is Christ
6/5/2022,Only a Sinner
6/5/2022,Wonderful Grace of Jesus
6/12/2022,Glory to His Name
6/12/2022,God Leads Us Along
6/12/2022,My Hope is in the Lord
6/12/2022,The Way of the Cross Leads Home
6/19/2022,"Come, Thou Almighty King"
6/19/2022,One Day
6/19/2022,"Spirit of God, Descend Upon my Heart"
6/19/2022,Step by Step
6/26/2022,"And, Can It Be?"
6/26/2022,"Arise, My Soul, Arise"
6/26/2022,Jesus Saves
6/26/2022,Jesus Shall Reign
7/3/2022,At Calvary
7/3/2022,Freedom Hymn
7/3/2022,He is Able
7/3/2022,He is Able to Deliver Thee
7/3/2022,O for a Thousand Tongues to Sing
7/3/2022,The Solid Rock
7/10/2022,Great is thy Faithfulness
7/10/2022,"Jesus, the Very Thought of Thee"
7/10/2022,Surely Goodness and Mercy
7/10/2022,When We See Christ
7/17/2022,What Can be Found Only in the Creator;
7/24/2022,Like a River Glorious
7/24/2022,Near to the Heart of God
7/24/2022,Thou Wilt Keep Him in Perfect Peace
7/24/2022,Victory in Jesus
7/31/2022,"Holy, Holy, Holy"
7/31/2022,O Happy Day
7/31/2022,Since Jesus Came Into my Heart
8/7/2022,In Christ Alone
8/7/2022,"Praise to the Lord, the Almighty"
8/7/2022,Thou Art Worthy
8/14/2022,He is Exalted
8/14/2022,I Am Your Salvation
8/14/2022,"Jesus, Strong and Kind"
8/21/2022,All Hail the Power of Jesus' Name
8/21/2022,How Great Thou Art
8/21/2022,I Will Call Upon the Lord
8/21/2022,We Will Glorify
8/28/2022,"Be Still, My Soul"
8/28/2022,Be Thou My Vision
8/28/2022,Take my Life and Let It be
8/28/2022,Who is on the Lord's Side?
9/4/2022,A Christian's Daily Prayer
9/4/2022,In Times Like These
9/4/2022,Living for Jesus
9/4/2022,Near to the Heart of God
9/11/2022,A Christian's Daily Prayer
9/11/2022,How Deep the Father's Love for Us
9/11/2022,In His Time
9/11/2022,"Lord, Keep Us Steadfast in Your Word"
9/18/2022,All I Have is Christ
9/18/2022,"Jesus, Strong and Kind"
9/18/2022,Let the Lower Lights be Burning
9/18/2022,Send the Light
9/25/2022,He Leadeth Me
9/25/2022,Step by Step
9/25/2022,Trust and Obey
9/25/2022,You Are my All in All
10/2/2022,A Child of the King
10/2/2022,Great is the Lord
10/2/2022,Only a Sinner
10/2/2022,There is a Fountain
10/9/2022,Behold Our God
10/9/2022,Nothing but the Blood
10/9/2022,O for a Thousand Tongues to Sing
10/9/2022,Our Great Savior
10/16/2022,Give Me Jesus
10/16/2022,I Asked the Lord That I Might Grow
10/16/2022,I'd Rather Have Jesus
10/16/2022,My Savior's Love
10/23/2022,"Brethren, We Have Met to Worship"
10/23/2022,Happy the Home When God is There
10/23/2022,"Jesus, Strong and Kind"
10/23/2022,Or #79
10/23/2022,Rescue the Perishing
10/30/2022,A Mighty Fortress is Our God
10/30/2022,"Come, Ye Sinners, Poor and Needy"
10/30/2022,Reformation Hymn
10/30/2022,The Solid Rock
11/6/2022,Jesus is Lord of Everything
11/6/2022,No King but Christ
11/13/2022,Be Thou My Vision
11/13/2022,"Lord, I Need You"
11/13/2022,"My Lord, I Did Not Choose You"
11/13/2022,What a Friend We Have in Jesus
11/20/2022,All Creatures of Our God and King
11/20/2022,For the Beauty of the Earth
11/20/2022,"Savior, Like a Shepherd Lead Us"
11/20/2022,Victory in Jesus
11/20/2022,We Thank Thee
12/4/2022,All Hail King Jesus
12/4/2022,All Hail the Lamb
12/4/2022,Emmanuel
12/4/2022,Joy to the World
12/11/2022,A Child of the King
12/11/2022,"Come, Thou Long-Expected Jesus"
12/11/2022,"Come, Ye Sinners, Poor and Needy"
12/11/2022,Give Thanks
12/11/2022,"O Come, All You Unfaithful"
12/18/2022,All Creatures of Our God and King
12/18/2022,God is With Us! Alleluia!
12/18/2022,Hymn for the Persecuted Church
12/18/2022,"Joyful, Joyful We Adore Thee"
12/18/2022,"O Come, All Ye Faithful"
12/18/2022,Who is He in Yonder Stall?
12/25/2022,Hark! the Herald Angels Sing!
12/25/2022,"O Come, O Come, Emmanuel"
12/25/2022,O Holy Night
12/25/2022,The First Noel
12/25/2022,What Child is This?
1/1/2023,All Glory be to Christ
1/1/2023,"O Come, O Come, Emmanuel"
1/1/2023,O Holy Night
1/1/2023,The First Noel
1/1/2023,What Child is This?
1/8/2023,A Mighty Fortress is Our God
1/8/2023,Christ Crucified
1/8/2023,"O, How I Love Jesus"
1/8/2023,The Love of God
1/8/2023,Yet Not I but Through Christ in Me
1/15/2023,Before the Throne of God Above
1/15/2023,I Will Sing of the Mercies
1/15/2023,May the Mind of Christ my Savior
1/15/2023,O Great God
1/22/2023,All Hail the Power of Jesus' Name
1/22/2023,Blessed be the Tie That Binds
1/22/2023,"Here at Your Feet, Lord"
1/22/2023,Let Mercy Shine
1/22/2023,Morning Has Broken
1/22/2023,Thy Loving Kindness
1/29/2023,Beatitudes Hymn
1/29/2023,"Brethren, We Have Met to Worship"
1/29/2023,"Christ, the Sure and Steady Anchor"
1/29/2023,"Stricken, Smitten, and Afflicted"
1/29/2023,Take my Life and Let It be
1/29/2023,We Have Come to Join in Worship
2/5/2023,All Hail the Power of Jesus' Name
2/5/2023,"Jesus, the Name High Over"
2/5/2023,My Faith Looks up to Thee
2/5/2023,O for a Thousand Tongues to Sing
2/5/2023,We Will Glorify
2/12/2023,All Hail the Lamb
2/12/2023,"Holy, Mighty, Worthy"
2/12/2023,How Firm a Foundation
2/12/2023,My Faith Has Found a Resting Place
2/12/2023,The Allness of God
2/19/2023,All I Have is Christ
2/19/2023,"And, Can It Be?"
2/19/2023,"Hallelujah, What a Savior!"
2/19/2023,My Savior's Love
2/26/2023,"Father, Speak Your Word Again"
2/26/2023,In Christ Alone
2/26/2023,It is Well With my Soul
2/26/2023,"O, Love That Will Not Let Me Go"
2/26/2023,Take my Life and Let It be
3/5/2023,Before the Throne of God Above
3/5/2023,Draw Near Through Christ
3/5/2023,The Wonder of It All
3/5/2023,You Are my All in All
3/12/2023,A Christian's Daily Prayer
3/12/2023,Be Thou My Vision
3/12/2023,"Immortal, Invisible"
3/12/2023,O Great God
3/19/2023,I'd Rather Have Jesus
3/19/2023,Only a Sinner
3/19/2023,"Spirit of God, Descend Upon my Heart"
3/19/2023,When I Survey the Wondrous Cross
3/26/2023,"Arise, My Soul, Arise"
3/26/2023,"Change my Heart, O God"
3/26/2023,Joy in Serving Jesus
3/26/2023,Peace
4/2/2023,Glorious Things of Thee Are Spoken
4/2/2023,"Open my Eyes, That I May See"
4/2/2023,Sanctuary
4/2/2023,See the Seed of Faith
4/2/2023,Turn Your Eyes Upon Jesus
4/9/2023,"Alleluia, Alleluia"
4/9/2023,Christ Arose
4/9/2023,Christ the Lord is Risen Today
4/9/2023,"Joyful, Joyful We Adore Thee"
4/9/2023,One Day
4/9/2023,Risen From Eternal Death
4/16/2023,All Creatures of Our God and King
4/16/2023,Ever Full and Overflowing
4/16/2023,Nothing Between
4/16/2023,O for a Heart to Praise my God
4/16/2023,O for a Thousand Tongues to Sing
4/16/2023,When We All Get to Heaven
4/23/2023,A Christian's Daily Prayer
4/23/2023,"Come, Thou Almighty King"
4/23/2023,I Sing the Mighty Power of God
4/23/2023,Let There be Light
4/23/2023,This is my Father's World
4/30/2023,Family of God
4/30/2023,Living for Jesus
4/30/2023,Yet Not I but Through Christ in Me
5/7/2023,A Shelter in the Time of Storm
5/7/2023,"Christ, the Sure and Steady Anchor"
5/7/2023,I Am With You
5/7/2023,It is Well With my Soul
5/14/2023,All Hail King Jesus
5/14/2023,Jesus Saves
5/14/2023,My Savior's Love
5/14/2023,"O Lord, my Rock and my Redeemer"
5/14/2023,"Rejoice, the Lord is King"
5/21/2023,All I Have is Christ
5/21/2023,Great is the Lord
5/21/2023,May Jesus Christ be Praised
5/21/2023,"O Lord, my Rock and my Redeemer"
5/28/2023,Be Thou My Vision
5/28/2023,Give to Our God Immortal Praise
5/28/2023,"Holy, Holy, Holy"
5/28/2023,Remember Your Lord
5/28/2023,Since Jesus Came Into my Heart
6/4/2023,"Come, Ye Sinners, Poor and Needy"
6/4/2023,My Hope is in the Lord
6/4/2023,"Praise, my Soul, the King of Heaven"
6/4/2023,The Power of the Cross
6/11/2023,"Lord, I Need You"
6/11/2023,My Faith Looks up to Thee
6/11/2023,There is a Redeemer
6/11/2023,We Will Glorify
6/11/2023,You Are my Fortress
6/18/2023,Before the Throne of God Above
6/18/2023,Great is thy Faithfulness
6/18/2023,I Know Whom I Have Believed
6/18/2023,Mercies Anew
6/18/2023,We Can Know Our God Transcendent
6/25/2023,A Mighty Fortress is Our God
6/25/2023,How Firm a Foundation
6/25/2023,"Lead On, O King Eternal"
6/25/2023,"Lord Jesus, Living Presence"
6/25/2023,"Lord, Speak to Me"
7/2/2023,"Arise, My Soul, Arise"
7/2/2023,How Deep the Father's Love for Us
7/2/2023,How Great Thou Art
7/2/2023,When I Survey the Wondrous Cross
7/9/2023,All Creatures of Our God and King
7/9/2023,All I Have is Christ
7/9/2023,"Jesus, What a Friend for Sinners"
7/9/2023,Raised From Death to Love and Living
7/9/2023,Yet Not I but Through Christ in Me
7/16/2023,I Am With You
7/16/2023,In Christ Alone
7/16/2023,Lay Aside Your Passing Pleasures
7/16/2023,"Rise Up, o Church of God"
7/16/2023,Worship Christ the Risen King
7/23/2023,Jesus is Lord of All
7/23/2023,Praise Him! Praise Him!
7/23/2023,Seek Ye First
7/30/2023,"And, Can It Be?"
7/30/2023,My Savior's Love
7/30/2023,"O, Love That Will Not Let Me Go"
7/30/2023,"O the Deep, Deep Love"
8/6/2023,As the Deer
8/6/2023,Step by Step
8/6/2023,We Will Glorify
8/6/2023,You Are my All in All
8/13/2023,"Christ, the Sure and Steady Anchor"
8/13/2023,I Am Your Salvation
8/13/2023,"Jesus, Strong and Kind"
8/13/2023,O Great God
8/20/2023,All Praise to Him
8/20/2023,Behold Our God
8/20/2023,I Know Whom I Have Believed
8/20/2023,No King but Christ
8/27/2023,A Christian's Daily Prayer
8/27/2023,"Holy, Mighty, Worthy"
8/27/2023,"Joyful, Joyful We Adore Thee"
8/27/2023,O for a Thousand Tongues to Sing
8/27/2023,The Gospel Was Promised
8/27/2023,Who is He?
9/3/2023,Give Me Jesus
9/3/2023,I'd Rather Have Jesus
9/3/2023,"O Lord, my Rock and my Redeemer"
9/3/2023,One Day
9/10/2023,Lead Me to Calvary
9/10/2023,May the Mind of Christ my Savior
9/10/2023,The Wonderful Cross
9/10/2023,Your Will be Done
9/17/2023,At the Cross
9/17/2023,Be Thou My Vision
9/17/2023,Before the Throne of God Above
9/17/2023,Living for Jesus
9/24/2023,All Hail the Power of Jesus' Name
9/24/2023,Behold Our God
9/24/2023,Glorify Your Name
10/1/2023,All Glory be to Christ
10/1/2023,"Holy, Holy, Holy"
10/1/2023,The King in All His Beauty
10/1/2023,There is a Redeemer
10/1/2023,Turn Your Eyes Upon Jesus
10/8/2023,Amazing Grace
10/8/2023,Grace | CityAlight
10/8/2023,Only a Sinner
10/8/2023,Reformation Hymn
10/15/2023,All Creatures of Our God and King
10/15/2023,Ancient of Days
10/15/2023,As Simply as a Child
10/15/2023,I Sing the Mighty Power of God
10/15/2023,Jesus Loves Me
10/15/2023,"Search Me, o God"
10/22/2023,Great is thy Faithfulness
10/22/2023,I Know Whom I Have Believed
10/22/2023,In Christ Alone
10/22/2023,The Solid Rock
10/29/2023,A Mighty Fortress is Our God
10/29/2023,All I Have is Christ
10/29/2023,Reconciled in Christ
10/29/2023,Reformation Hymn
11/5/2023,Great is the Lord
11/5/2023,If You Would be Great
11/5/2023,"Jesus, Strong and Kind"
11/5/2023,O Worship the King
11/5/2023,When I Survey the Wondrous Cross
11/12/2023,God Supreme
11/12/2023,"How Long, O Lord, How Long?"
11/12/2023,If God is on Our Side
11/12/2023,"Rejoice, the Lord is King"
11/12/2023,The Church's One Foundation
11/12/2023,Who is on the Lord's Side?
11/19/2023,All Hail the Lamb
11/19/2023,For the Beauty of the Earth
11/19/2023,Great is thy Faithfulness
11/19/2023,My God is All I Need / my God is so Big
11/19/2023,The Lord is an Eternal God
11/26/2023,"Arise, My Soul, Arise"
11/26/2023,"Change my Heart, O God"
11/26/2023,Give Me Jesus
11/26/2023,O for a Heart to Praise my God
11/26/2023,O for a Thousand Tongues to Sing
12/3/2023,Christ is Coming! Lift Your Eyes!
12/3/2023,"Come, Thou Almighty King"
12/3/2023,I Am Resolved
12/3/2023,Now Unto Us a Child is Born
12/3/2023,Who is He in Yonder Stall?
12/10/2023,All Creatures of Our God and King
12/10/2023,"Angels, From the Realms of Glory"
12/10/2023,God is With Us! Alleluia!
12/10/2023,Mary's Song
12/10/2023,"O Come, All Ye Faithful"
12/10/2023,Rejoice in His Coming
12/17/2023,"Come, Thou Long-Expected Jesus"
12/17/2023,Emmanuel
12/17/2023,"Good Christian Men, Rejoice"
12/17/2023,Joy to the World
12/17/2023,Once Upon
12/17/2023,Thou Didst Leave thy Throne
12/24/2023,Hark! the Herald Angels Sing!
12/24/2023,Heaven Has Come
12/24/2023,"O Come, O Come, Emmanuel"
12/24/2023,O Holy Night
12/24/2023,What Child is This?
12/31/2023,All Glory be to Christ
12/31/2023,"All Praise to You, Eternal Lord"
12/31/2023,Discover Jesus Christ
12/31/2023,I Sing the Mighty Power of God
12/31/2023,The Birthday of the King
1/7/2024,All Praise to Him
1/7/2024,At Calvary
1/14/2024,"Here Am I, Lord"
1/14/2024,Jesus Shall Reign
1/14/2024,O for a Thousand Tongues to Sing
1/14/2024,"Stand Up, Stand up for Jesus"
1/14/2024,The Battle Belongs to the Lord
1/21/2024,How Firm a Foundation
1/21/2024,I Am With You
1/21/2024,It is Well With my Soul
1/21/2024,"O Lord, my Rock and my Redeemer"
1/21/2024,Reformation Hymn
1/28/2024,All I Have is Christ
1/28/2024,All in Christ
1/28/2024,"And, Can It Be?"
1/28/2024,O Worship the King
1/28/2024,There is One Gospel
2/4/2024,Behold Our God
2/4/2024,"Holy, Holy, Holy"
2/4/2024,Thou Art Worthy
2/4/2024,When We See Christ
2/4/2024,Yet Not I but Through Christ in Me
2/11/2024,Grace Greater Than Our Sin
2/11/2024,Grace | CityAlight
2/11/2024,Great is the Lord
2/11/2024,He is Exalted
2/11/2024,How Sweet and Aweful is the Place
2/18/2024,A Child of the King
2/18/2024,All Hail the Power of Jesus' Name
2/18/2024,Blessed be the Name
2/18/2024,"In my Life Lord, be Glorified"
2/18/2024,"Praise to the Lord, the Almighty"
2/25/2024,For the Beauty of the Earth
2/25/2024,How Great Thou Art
2/25/2024,Jesus Shall Reign
2/25/2024,Praise Him! Praise Him!
2/25/2024,Worthy is the Lamb
3/3/2024,As Simply as a Child
3/3/2024,Be Thou My Vision
3/3/2024,Draw Near Through Christ
3/3/2024,"Immortal, Invisible"
3/3/2024,Jesus Loves Me
3/3/2024,Sweet Hour of Prayer
3/3/2024,Transcendent God
3/10/2024,"I Love You, Lord"
3/10/2024,Make Me a Blessing
3/10/2024,O for a Heart to Praise my God
3/10/2024,O for a Thousand Tongues to Sing
3/10/2024,To be God's People
3/10/2024,Trust and Obey
3/10/2024,You Are my All in All
3/17/2024,By Our Love
3/17/2024,"Christ, the Sure and Steady Anchor"
3/17/2024,"Jesus, Strong and Kind"
3/17/2024,Near to the Heart of God
3/17/2024,Wonderful Words of Life
3/24/2024,A Christian's Daily Prayer
3/24/2024,Crown Him With Many Crowns
3/24/2024,How Majestic is Your Name
3/24/2024,More Love to Thee
3/24/2024,Your Will be Done
3/31/2024,Because He Lives
3/31/2024,Christ Arose
3/31/2024,In Christ Alone
3/31/2024,The Power of the Cross
4/7/2024,All Creatures of Our God and King
4/7/2024,God is so Good
4/7/2024,"Lord, I Need You"
4/7/2024,There is a Redeemer
4/7/2024,What a Friend We Have in Jesus
4/14/2024,Before the Throne of God Above
4/14/2024,I Will Call Upon the Lord
4/14/2024,You Are my Fortress
4/14/2024,Your Will be Done
4/21/2024,Behold Our God
4/21/2024,I Sing the Mighty Power of God
4/21/2024,"Jesus, the Name High Over"
4/21/2024,"O Church, Arise"
4/21/2024,O for a Thousand Tongues to Sing
4/21/2024,"Onward, Christian Soldiers"
4/28/2024,All I Have is Christ
4/28/2024,All That Thrills my Soul
4/28/2024,As the Deer
4/28/2024,I Want to Know You
4/28/2024,Now I Belong to Jesus
4/28/2024,"O Lord, my Rock and my Redeemer"
5/5/2024,All People That on Earth Do Dwell
5/5/2024,Join All the Glorious Names
5/5/2024,We've a Story to Tell to the Nations
5/5/2024,Worthy is the Lamb
5/12/2024,Be Thou My Vision
5/12/2024,Heaven Came Down
5/12/2024,Jesus Bids Us Shine
5/12/2024,"O, Love That Will Not Let Me Go"
5/12/2024,"Open my Eyes, That I May See"
5/19/2024,I Love to Tell the Story
5/19/2024,Nothing but the Blood
5/19/2024,"Spirit of God, Descend Upon my Heart"
5/26/2024,All Hail the Power of Jesus' Name
5/26/2024,Cleanse Me
5/26/2024,Let Mercy Shine
5/26/2024,O for a Heart to Praise my God
5/26/2024,O for a Thousand Tongues to Sing
5/26/2024,The Solid Rock
6/2/2024,I Am Your Salvation
6/2/2024,My Faith Looks up to Thee
6/2/2024,No King but Christ
6/2/2024,"O God, Our Help in Ages Past"
6/2/2024,O Worship the King
6/9/2024,Amazing Grace
6/9/2024,Give to Our God Immortal Praise
6/9/2024,I Will Sing of the Mercies
6/9/2024,Judge of the Secrets
6/9/2024,Mercy
6/9/2024,O Great God
6/16/2024,"Arise, My Soul, Arise"
6/16/2024,"Christ, the Sure and Steady Anchor"
6/16/2024,I Am With You
6/16/2024,Like a River Glorious
6/16/2024,Under His Wings
6/23/2024,Christ Exalted is Our Song
6/23/2024,I'll Tell the World That I'm a Christian
6/23/2024,"Lo, What a Cloud of Witnesses"
6/23/2024,O for a Thousand Tongues to Sing
6/23/2024,"Rejoice, Ye Pure in Heart"
6/30/2024,It is Well With my Soul
6/30/2024,Satisfied
6/30/2024,Step by Step
6/30/2024,The Wonder of It All
6/30/2024,You Are my All in All
7/7/2024,"Be Still, My Soul"
7/7/2024,He Will Keep You
7/7/2024,"Lord, I Need You"
7/7/2024,"O Lord, my Rock and my Redeemer"
7/7/2024,This is my Father's World
7/7/2024,You Are my Fortress
7/14/2024,"I Love thy Kingdom, Lord"
7/14/2024,"Praise to the Lord, the Almighty"
7/14/2024,Seek Ye First
7/21/2024,"Here Am I, Lord"
7/21/2024,"O Church, Arise"
7/21/2024,"Stand Up, Stand up for Jesus"
7/21/2024,The Lord Almighty Reigns
7/21/2024,You Servants of God
7/28/2024,Am I a Soldier of the Cross?
7/28/2024,Hold the Fort
7/28/2024,Jesus is Lord of Everything
7/28/2024,Take my Life and Let It be
7/28/2024,Your Will be Done
8/4/2024,"Here Am I, Lord"
8/4/2024,Hold the Fort
8/4/2024,I Am Your Salvation
8/4/2024,"O Church, Arise"
8/11/2024,Glorify Your Name
8/11/2024,Great is the Lord
8/11/2024,How Great Thou Art
8/11/2024,"Jesus, Strong and Kind"
8/11/2024,We Will Glorify
8/18/2024,Behold Our God
8/18/2024,Christ Exalted is Our Song
8/18/2024,He is Exalted
8/18/2024,"Holy, Holy, Holy"
8/18/2024,Jesus Shall Reign
8/25/2024,All I Have is Christ
8/25/2024,"Holy, Mighty, Worthy"
8/25/2024,"Immortal, Invisible"
8/25/2024,"O God, Our Help in Ages Past"
8/25/2024,"We Come, O Christ, to You"
9/1/2024,"And, Can It Be?"
9/1/2024,"Come, Ye Sinners, Poor and Needy"
9/1/2024,Only a Sinner
9/1/2024,The Wonderful Cross
9/8/2024,A Christian's Daily Prayer
9/8/2024,As the Deer
9/8/2024,"O, How I Love Jesus"
9/8/2024,Who is on the Lord's Side?
9/8/2024,Yet Not I but Through Christ in Me
9/15/2024,All Hail the Power of Jesus' Name
9/15/2024,All Praise to Him
9/15/2024,He is Lord
9/15/2024,To God be the Glory
9/22/2024,He is King
9/22/2024,How Sweet and Aweful is the Place
9/22/2024,"Praise to the Lord, the Almighty"
9/22/2024,"Rejoice, the Lord is King"
9/22/2024,Your Will be Done
9/29/2024,All Hail the Lamb
9/29/2024,Before the Throne of God Above
9/29/2024,I Sing the Mighty Power of God
9/29/2024,No King but Christ
9/29/2024,O Great God
9/29/2024,You Servants of God
10/6/2024,His Name is Wonderful
10/6/2024,Jesus is Lord of Everything
10/6/2024,"Jesus, Name Above All Names"
10/6/2024,On That Day
10/6/2024,There's Just Something About That Name
10/6/2024,This is the Day
10/13/2024,"And, Can It Be?"
10/13/2024,"Come, Ye Sinners, Poor and Needy"
10/13/2024,Grace | CityAlight
10/13/2024,His Banner Over Me is Love
10/13/2024,Reformation Hymn
10/20/2024,"Alas, and Did my Savior Bleed"
10/20/2024,Amazing Grace
10/20/2024,Be Thou My Vision
10/27/2024,A Mighty Fortress is Our God
10/27/2024,All I Have is Christ
10/27/2024,"Hallelujah, What a Savior!"
10/27/2024,O for a Thousand Tongues to Sing
10/27/2024,Reformation Hymn
11/3/2024,All That Thrills my Soul
11/3/2024,"Praise the Savior, Ye Who Know Him"
11/3/2024,Shout to the Lord
11/3/2024,The Power of the Cross
11/3/2024,You Are my All in All
11/17/2024,"Speak, Lord, in the Stillness"
11/24/2024,All Creatures of Our God and King
11/24/2024,For the Beauty of the Earth
11/24/2024,Great is thy Faithfulness
11/24/2024,If You Would be Great
11/24/2024,O Worship the King
11/24/2024,"We Thank You, o Lord"
12/1/2024,"Come, Thou Long-Expected Jesus"
12/1/2024,May the Mind of Christ my Savior
12/1/2024,We Gather Together
12/1/2024,Worthy is the Lamb
12/8/2024,Away in a Manger
12/8/2024,Hallelujah Hymn
12/8/2024,Hark! the Herald Angels Sing!
12/8/2024,One Still Night
12/8/2024,Who is He in Yonder Stall?
12/15/2024,"Angels, From the Realms of Glory"
12/15/2024,"O Come, O Come, Emmanuel"
12/15/2024,Rejoice in His Coming
12/15/2024,The Birthday of the King
12/15/2024,The First Noel
12/22/2024,Emmanuel
12/22/2024,Joy to the World
12/22/2024,"O Come, All Ye Faithful"
12/22/2024,O Holy Night
12/22/2024,What Child is This?
12/29/2024,All Glory be to Christ
12/29/2024,Crown Him With Many Crowns
12/29/2024,O Worship the King
12/29/2024,The Unbelievable
12/29/2024,We Will Glorify
